sample	Number.of.scaffolds	Total.scaffold.length	Average.scaffold.length	Scaffold.N50	Scaffold.auN	Scaffold.L50	Largest.scaffold	Smallest.scaffold	Number.of.contigs	Total.contig.length	Average.contig.length	Contig.N50	Contig.auN	Contig.L50	Largest.contig	Smallest.contig	Number.of.gaps.in.scaffolds	Total.gap.length.in.scaffolds	Average.gap.length.in.scaffolds	Gap.N50.in.scaffolds	Gap.auN.in.scaffolds	Gap.L50.in.scaffolds	Largest.gap.in.scaffolds	Smallest.gap.in.scaffolds	Base.composition..A.C.G.T.	GC.content..	Number.of.soft.masked.bases	Number.of.segments	Total.segment.length	Average.segment.length	Number.of.gaps	Number.of.paths	Number.of.edges	Average.degree	Number.of.connected.components	Largest.connected.component.length	Number.of.dead.ends	Number.of.disconnected.components	Total.length.disconnected.components	Number.of.separated.components	Number.of.bubbles	Number.of.circular.segments	Number.of.circular.paths	species	strain	contam_type	distance	mixing_ratio
Ec_0-05_10_Ec1	682	5400990	7919.34	104785	133874.17	15	360892	129	1282	5400990	4212.94	92278	128785.6	15	359465	128	0	0	0	0	0	0	0	0	1340406:1371898:1356420:1332266	50.52	0	1248	5395716	4323.49	0	682	1590	1.27	1	5340425	131	62	55291	63	37	0	0	Ec	Ec1	intra_species	0.05	10
Ec_0-05_10_Ec2	487	5491814	11276.83	104422	131203.96	15	301921	128	845	5491814	6499.19	100772	123162.5	16	301005	128	0	0	0	0	0	0	0	0	1357136:1387140:1391086:1356452	50.59	0	811	5486599	6765.23	0	487	956	1.18	2	5339222	201	93	116688	95	44	0	0	Ec	Ec2	intra_species	0.05	10
Ec_0-05_10_Ec3	584	5526580	9463.32	99527	127333.86	16	301523	128	970	5526580	5697.51	88022	119888.38	17	300872	128	0	0	0	0	0	0	0	0	1367788:1404705:1392587:1361500	50.62	0	939	5521816	5880.53	0	584	1142	1.22	1	5366918	177	84	154898	85	65	0	0	Ec	Ec3	intra_species	0.05	10
Ec_0-05_10_Ec4	429	5458005	12722.62	100772	120952.96	16	301524	129	815	5458005	6696.94	92043	108282.05	18	301004	128	0	0	0	0	0	0	0	0	1349299:1383761:1375516:1349429	50.55	0	773	5451484	7052.37	0	429	977	1.26	1	5417280	99	43	34204	44	35	0	0	Ec	Ec4	intra_species	0.05	10
Ec_0-05_10_Ec5	891	5830829	6544.14	91431	91637.91	22	268887	128	1620	5830829	3599.28	69838	79994.53	25	230758	128	0	0	0	0	0	0	0	0	1442790:1467143:1476932:1443964	50.49	0	1583	5824949	3679.69	0	891	2046	1.29	1	5780644	117	46	44305	47	52	0	0	Ec	Ec5	intra_species	0.05	10
Ec_0-05_10_Ec6	832	5681937	6829.25	104761	107659.98	18	244841	128	1581	5681937	3593.89	91619	99730.79	19	244238	128	0	0	0	0	0	0	0	0	1404638:1430713:1437499:1409087	50.48	0	1523	5672803	3724.76	0	832	1967	1.29	1	5631784	116	50	41019	51	70	0	0	Ec	Ec6	intra_species	0.05	10
Ec_0-05_10_Ec7	655	5547993	8470.22	116498	134787.04	15	314198	129	1196	5547993	4638.79	96664	117756.87	17	267856	128	0	0	0	0	0	0	0	0	1373058:1397248:1396189:1381498	50.35	0	1165	5542697	4757.68	0	655	1489	1.28	1	5423422	112	47	119275	48	42	0	0	Ec	Ec7	intra_species	0.05	10
Ec_0-05_10_Ec8	845	5719425	6768.55	113920	103761.42	19	244192	128	1575	5719425	3631.38	91620	98734.77	20	244192	128	0	0	0	0	0	0	0	0	1415544:1454312:1431843:1417726	50.46	0	1519	5710654	3759.48	0	845	1932	1.27	1	5640234	163	74	70420	75	48	0	0	Ec	Ec8	intra_species	0.05	10
Ec_0-05_20_Ec1	730	5463734	7484.57	90378	99716.39	20	231440	128	1335	5463734	4092.68	84080	90078.79	21	230564	128	0	0	0	0	0	0	0	0	1354287:1374488:1384745:1350214	50.5	0	1304	5458988	4186.34	0	730	1634	1.25	1	5347090	176	83	111898	84	44	0	0	Ec	Ec1	intra_species	0.05	20
Ec_0-05_20_Ec2	567	5596606	9870.56	99527	110860.47	19	302429	128	945	5596606	5922.33	83839	97431.42	21	289620	128	0	0	0	0	0	0	0	0	1381049:1413843:1418522:1383192	50.61	0	919	5592552	6085.48	0	567	1046	1.14	2	5359698	282	132	201663	134	57	0	0	Ec	Ec2	intra_species	0.05	20
Ec_0-05_20_Ec3	651	5628523	8645.96	111125	124926.36	16	301523	128	1042	5628523	5401.65	99252	108086.2	18	300872	128	0	0	0	0	0	0	0	0	1393555:1422714:1426633:1385621	50.62	0	1012	5623877	5557.19	0	651	1170	1.16	1	5461030	283	135	162847	136	63	0	0	Ec	Ec3	intra_species	0.05	20
Ec_0-05_20_Ec4	457	5495588	12025.36	91592	108096.99	18	270410	129	804	5495588	6835.31	88230	98905.47	19	269890	128	0	0	0	0	0	0	0	0	1360345:1385881:1392016:1357346	50.55	0	771	5490545	7121.33	0	457	941	1.22	1	5417334	145	62	73211	63	31	0	0	Ec	Ec4	intra_species	0.05	20
Ec_0-05_20_Ec5	999	5935267	5941.21	89498	86554.54	23	268256	128	1766	5935267	3360.85	54002	68308.14	29	181771	128	0	0	0	0	0	0	0	0	1465992:1490467:1505733:1473075	50.48	0	1727	5929076	3433.17	0	999	2116	1.23	1	5793284	301	137	135792	138	56	0	0	Ec	Ec5	intra_species	0.05	20
Ec_0-05_20_Ec6	899	5745518	6391.01	80476	93830.32	21	244714	128	1635	5745518	3514.08	58485	77901.54	26	244238	128	0	0	0	0	0	0	0	0	1421141:1444002:1454331:1426044	50.45	0	1585	5737422	3619.82	0	899	2001	1.26	1	5646585	187	83	90837	84	71	1	0	Ec	Ec6	intra_species	0.05	20
Ec_0-05_20_Ec7	817	5641040	6904.58	69893	75505.18	26	211057	129	1414	5641040	3989.42	53077	56576.17	35	161740	128	0	0	0	0	0	0	0	0	1395900:1403107:1437347:1404686	50.35	0	1387	5636389	4063.73	0	817	1750	1.26	1	5513620	164	74	122769	75	80	0	0	Ec	Ec7	intra_species	0.05	20
Ec_0-05_20_Ec8	924	5830553	6310.12	71115	81212.45	25	214851	128	1696	5830553	3437.83	61291	72940.62	28	210862	128	0	0	0	0	0	0	0	0	1441951:1461769:1476661:1450172	50.4	0	1638	5821563	3554.07	0	924	2024	1.24	1	5657816	259	119	163747	120	64	1	0	Ec	Ec8	intra_species	0.05	20
Ec_0-05_30_Ec1	733	5492794	7493.58	64486	78603.96	25	228564	128	1314	5492794	4180.21	58937	71238.27	27	227560	128	0	0	0	0	0	0	0	0	1356433:1378523:1393506:1364332	50.47	0	1289	5489104	4258.42	0	733	1637	1.27	1	5377916	142	55	111188	56	51	1	1	Ec	Ec1	intra_species	0.05	30
Ec_0-05_30_Ec2	625	5652986	9044.78	66730	69547.88	28	157197	128	1034	5652986	5467.1	62990	63564.29	31	156659	128	0	0	0	0	0	0	0	0	1397564:1438935:1421106:1395381	50.59	0	1013	5649755	5577.25	0	625	1229	1.21	4	5294198	194	76	201937	80	72	0	0	Ec	Ec2	intra_species	0.05	30
Ec_0-05_30_Ec3	682	5684586	8335.17	88488	103732.16	19	270812	128	1093	5684586	5200.9	72301	87876.86	23	270555	128	0	0	0	0	0	0	0	0	1401447:1437508:1439069:1406562	50.6	0	1067	5680634	5323.93	0	682	1269	1.19	2	5395200	243	104	192451	106	79	0	0	Ec	Ec3	intra_species	0.05	30
Ec_0-05_30_Ec4	513	5533573	10786.69	91722	109941.25	18	301778	128	910	5533573	6080.85	85068	87596.06	21	214486	128	0	0	0	0	0	0	0	0	1366051:1404638:1391791:1371093	50.54	0	883	5529506	6262.18	0	513	1085	1.23	2	5333246	154	62	177059	64	38	0	0	Ec	Ec4	intra_species	0.05	30
Ec_0-05_30_Ec5	911	5942107	6522.62	82417	88338.98	23	269014	128	1488	5942107	3993.35	56903	70639.23	28	229759	128	0	0	0	0	0	0	0	0	1469571:1496796:1501307:1474433	50.46	0	1463	5938227	4058.94	0	911	1718	1.17	2	5738805	363	166	199101	168	64	1	1	Ec	Ec5	intra_species	0.05	30
Ec_0-05_30_Ec6	1010	5814602	5757.03	50430	59965.1	35	181163	128	1821	5814602	3193.08	37645	49119.67	44	180779	128	0	0	0	0	0	0	0	0	1439233:1463904:1466914:1444551	50.4	0	1774	5807126	3273.46	0	1010	2270	1.28	1	5721341	161	59	85785	60	100	1	0	Ec	Ec6	intra_species	0.05	30
Ec_0-05_30_Ec7	1211	5742382	4741.85	27173	29076.74	71	77776	129	1904	5742382	3015.96	23821	25571.73	79	74841	128	0	0	0	0	0	0	0	0	1428112:1451376:1439265:1423629	50.34	0	1891	5740152	3035.51	0	1211	2475	1.31	1	5664700	86	29	75452	30	177	1	0	Ec	Ec7	intra_species	0.05	30
Ec_0-05_30_Ec8	1043	5897520	5654.38	48425	61877.33	32	165282	128	1857	5897520	3175.83	36965	51618.2	39	150787	128	0	0	0	0	0	0	0	0	1460504:1491213:1480529:1465274	50.39	0	1805	5889448	3262.85	0	1043	2283	1.26	1	5734406	202	83	155042	84	94	0	0	Ec	Ec8	intra_species	0.05	30
Ec_0-05_40_Ec1	754	5529660	7333.77	54360	68196.77	29	209804	128	1435	5529660	3853.42	47047	57176.64	34	166452	128	0	0	0	0	0	0	0	0	1364880:1399147:1392504:1373129	50.49	0	1402	5524722	3940.6	0	754	1803	1.29	2	5417886	118	38	100036	40	73	2	1	Ec	Ec1	intra_species	0.05	40
Ec_0-05_40_Ec2	758	5696951	7515.77	49518	61733.73	33	185768	128	1180	5696951	4827.92	43689	54413.38	37	184460	128	0	0	0	0	0	0	0	0	1406695:1437672:1443090:1409494	50.57	0	1163	5694405	4896.31	0	758	1469	1.26	3	5503211	131	35	149636	38	117	1	0	Ec	Ec2	intra_species	0.05	40
Ec_0-05_40_Ec3	665	5701694	8573.98	66625	66883.02	30	197845	128	1065	5701694	5353.7	54476	61389.46	32	197000	128	0	0	0	0	0	0	0	0	1409216:1445016:1441523:1405939	50.63	0	1042	5698254	5468.57	0	665	1300	1.25	2	5532176	144	46	154237	48	88	0	0	Ec	Ec3	intra_species	0.05	40
Ec_0-05_40_Ec4	588	5560553	9456.72	85068	99939.33	20	301524	129	986	5560553	5639.51	63122	87842.62	23	301004	128	0	0	0	0	0	0	0	0	1376559:1418173:1392303:1373518	50.54	0	959	5555856	5793.38	0	588	1201	1.25	5	5394518	129	32	83934	37	70	1	0	Ec	Ec4	intra_species	0.05	40
Ec_0-05_40_Ec5	1593	6211423	3899.2	26293	32920.52	66	106870	128	2489	6211423	2495.55	21811	28045.59	78	102960	128	0	0	0	0	0	0	0	0	1535981:1561905:1571175:1542362	50.44	0	2458	6206850	2525.16	0	1593	3006	1.22	7	5685785	425	149	302495	156	167	1	1	Ec	Ec5	intra_species	0.05	40
Ec_0-05_40_Ec6	1116	5846113	5238.45	34443	44354.59	51	190348	128	1916	5846113	3051.21	29398	36474.4	58	117624	128	0	0	0	0	0	0	0	0	1447145:1464898:1480533:1453537	50.38	0	1881	5840517	3105.01	0	1116	2435	1.29	2	5779914	124	27	60335	29	111	1	1	Ec	Ec6	intra_species	0.05	40
Ec_0-05_40_Ec7	1627	5828022	3582.07	15701	18586.1	115	65485	128	2390	5828022	2438.5	13640	15915.6	132	59568	128	0	0	0	0	0	0	0	0	1449660:1463288:1468972:1446102	50.31	0	2371	5824922	2456.74	0	1627	3123	1.32	1	5740480	66	19	84442	20	274	1	0	Ec	Ec7	intra_species	0.05	40
Ec_0-05_40_Ec8	1184	5974608	5046.12	35459	44380.98	46	131185	128	2104	5974608	2839.64	28401	36754.25	56	106645	128	0	0	0	0	0	0	0	0	1480328:1516049:1494434:1483797	50.39	0	2056	5966868	2902.17	0	1184	2648	1.29	4	5739515	160	43	139776	47	139	1	0	Ec	Ec8	intra_species	0.05	40
Ec_0-05_50_Ec1	814	5535113	6799.89	45045	57802.29	35	150879	128	1440	5535113	3843.83	41681	52207.86	38	150879	128	0	0	0	0	0	0	0	0	1371410:1402462:1390564:1370677	50.46	0	1403	5529593	3941.26	0	814	1821	1.3	2	5454123	92	25	70944	27	79	4	2	Ec	Ec1	intra_species	0.05	50
Ec_0-05_50_Ec2	730	5695883	7802.58	46895	53936.54	37	147565	128	1176	5695883	4843.44	39753	48346.03	41	135658	128	0	0	0	0	0	0	0	0	1405721:1431874:1448024:1410264	50.56	0	1159	5693218	4912.18	0	730	1464	1.26	4	5422639	133	30	228885	34	92	1	0	Ec	Ec2	intra_species	0.05	50
Ec_0-05_50_Ec3	648	5710593	8812.64	74661	83526.76	24	271157	129	1059	5710593	5392.44	59912	68576.21	28	197000	128	0	0	0	0	0	0	0	0	1410867:1440997:1449085:1409644	50.61	0	1041	5707795	5482.99	0	648	1302	1.25	4	5522139	143	40	147741	44	83	0	0	Ec	Ec3	intra_species	0.05	50
Ec_0-05_50_Ec4	640	5560848	8688.83	87076	89064.41	22	225247	128	1000	5560848	5560.85	75943	76357.45	24	188548	128	0	0	0	0	0	0	0	0	1376679:1419201:1390644:1374324	50.53	0	983	5558265	5654.39	0	640	1221	1.24	3	5385538	146	38	156248	41	86	1	0	Ec	Ec4	intra_species	0.05	50
Ec_0-05_50_Ec5	1745	6254175	3584.05	20295	23863.27	90	95696	128	2606	6254175	2399.91	17819	20513.46	104	69426	128	0	0	0	0	0	0	0	0	1546312:1581118:1574391:1552354	50.45	0	2598	6252984	2406.85	0	1745	3091	1.19	39	4619948	578	148	411558	187	170	3	2	Ec	Ec5	intra_species	0.05	50
Ec_0-05_50_Ec6	1095	5850010	5342.47	30749	38336.7	55	142962	128	1947	5850010	3004.63	25580	32129.95	65	113885	128	0	0	0	0	0	0	0	0	1451658:1466234:1480765:1451353	50.38	0	1901	5842299	3073.28	0	1095	2458	1.29	3	5802636	129	27	39262	30	179	2	2	Ec	Ec6	intra_species	0.05	50
Ec_0-05_50_Ec7	1752	5839716	3333.17	14759	17542.25	122	68921	132	2483	5839716	2351.88	12668	15545.68	136	60656	128	0	0	0	0	0	0	0	0	1448845:1470541:1468909:1451421	50.34	0	2476	5838584	2358.07	0	1752	3264	1.32	2	5776251	71	13	48862	15	281	1	0	Ec	Ec7	intra_species	0.05	50
Ec_0-05_50_Ec8	1239	5977068	4824.11	31242	40707.4	54	158922	128	2073	5977068	2883.29	27148	34627.7	61	124685	128	0	0	0	0	0	0	0	0	1480927:1513050:1496767:1486324	50.36	0	2039	5971923	2928.85	0	1239	2620	1.28	6	5708076	162	28	124416	34	153	1	0	Ec	Ec8	intra_species	0.05	50
Ec_0-5_10_Ec1	867	5527665	6375.62	83614	108657.34	19	316444	129	1455	5527665	3799.08	66287	90102.67	22	266878	128	0	0	0	0	0	0	0	0	1368051:1394047:1392825:1372742	50.42	0	1426	5523264	3873.26	0	867	1622	1.14	1	5343802	438	214	179462	215	37	0	0	Ec	Ec1	intra_species	0.5	10
Ec_0-5_10_Ec2	676	5621012	8315.11	92719	112652.56	18	302175	128	1056	5621012	5322.93	74719	99201.68	21	301005	128	0	0	0	0	0	0	0	0	1387446:1416893:1422742:1393931	50.52	0	1026	5616355	5474.03	0	676	1063	1.04	3	5353485	470	228	231754	231	56	1	1	Ec	Ec2	intra_species	0.5	10
Ec_0-5_10_Ec3	757	5668698	7488.37	100772	120533.03	16	287544	128	1174	5668698	4828.53	81515	99115.94	20	246453	128	0	0	0	0	0	0	0	0	1404817:1446431:1420127:1397323	50.57	0	1136	5662728	4984.8	0	757	1188	1.05	1	5455296	502	247	207432	248	69	0	0	Ec	Ec3	intra_species	0.5	10
Ec_0-5_10_Ec4	588	5585890	9499.81	89274	98687.29	20	244122	129	997	5585890	5602.7	61823	75924.5	28	243817	128	0	0	0	0	0	0	0	0	1381646:1422360:1399426:1382458	50.52	0	956	5579509	5836.31	0	588	1048	1.1	2	5420542	360	172	158662	174	42	1	1	Ec	Ec4	intra_species	0.5	10
Ec_0-5_10_Ec5	1097	6014896	5483.04	59040	76621.39	29	231839	128	1832	6014896	3283.24	56936	65093.64	33	230758	128	0	0	0	0	0	0	0	0	1488432:1516987:1515310:1494167	50.41	0	1789	6007978	3358.29	0	1097	2072	1.16	1	5793377	491	236	214601	237	66	0	0	Ec	Ec5	intra_species	0.5	10
Ec_0-5_10_Ec6	1056	5844844	5534.89	91758	88803.46	22	244238	128	1783	5844844	3278.1	66675	75576.54	26	244238	128	0	0	0	0	0	0	0	0	1447077:1479404:1468590:1449773	50.44	0	1738	5837738	3358.88	0	1056	2016	1.16	1	5636872	473	227	200866	228	62	1	0	Ec	Ec6	intra_species	0.5	10
Ec_0-5_10_Ec7	832	5694844	6844.76	108435	126369.86	16	314452	129	1416	5694844	4021.78	84083	100779.63	20	254584	128	0	0	0	0	0	0	0	0	1410871:1418043:1444561:1421369	50.27	0	1379	5688662	4125.21	0	832	1558	1.13	1	5484046	434	207	204616	208	57	0	0	Ec	Ec7	intra_species	0.5	10
Ec_0-5_10_Ec8	992	5833951	5881	64398	88291.78	24	236002	128	1792	5833951	3255.55	59461	72331.72	30	232823	128	0	0	0	0	0	0	0	0	1439442:1461403:1478034:1455072	50.39	0	1733	5824815	3361.12	0	992	2066	1.19	1	5498666	388	186	326149	187	65	0	0	Ec	Ec8	intra_species	0.5	10
Ec_0-5_20_Ec1	1476	5849097	3962.8	22173	25962.5	80	91075	128	2184	5849097	2678.16	18247	22980.77	91	91075	128	0	0	0	0	0	0	0	0	1450284:1458731:1484762:1455320	50.32	0	2162	5845541	2703.77	0	1476	2524	1.17	2	5479635	556	258	364861	260	171	1	1	Ec	Ec1	intra_species	0.5	20
Ec_0-5_20_Ec2	1165	5926336	5086.98	26605	35327.84	61	139894	128	1659	5926336	3572.23	22226	29058.61	75	127991	128	0	0	0	0	0	0	0	0	1463980:1485430:1505332:1471594	50.47	0	1637	5923064	3618.24	0	1165	1773	1.08	4	5487783	626	288	403924	292	140	2	2	Ec	Ec2	intra_species	0.5	20
Ec_0-5_20_Ec3	1248	6022506	4825.73	29595	38771.18	58	190555	128	1782	6022506	3379.63	25033	33130.3	67	153559	128	0	0	0	0	0	0	0	0	1489606:1517054:1522922:1492924	50.48	0	1757	6018576	3425.48	0	1248	1853	1.05	3	5423174	742	346	446195	349	133	1	1	Ec	Ec3	intra_species	0.5	20
Ec_0-5_20_Ec4	1143	5847678	5116.08	24736	28469.2	73	101950	128	1683	5847678	3474.56	20053	24469.65	84	88489	128	0	0	0	0	0	0	0	0	1448103:1487825:1461658:1450092	50.44	0	1652	5842833	3536.82	0	1143	1895	1.15	2	5562143	477	211	280385	213	145	1	1	Ec	Ec4	intra_species	0.5	20
Ec_0-5_20_Ec5	1967	6377389	3242.19	15172	19034.63	120	75818	128	2936	6377389	2172.14	12560	16337.57	140	73697	128	0	0	0	0	0	0	0	0	1581649:1607650:1603891:1584199	50.36	0	2899	6371536	2197.84	0	1967	3517	1.21	3	5966021	543	234	345899	237	208	1	1	Ec	Ec5	intra_species	0.5	20
Ec_0-5_20_Ec6	1831	6204727	3388.71	16976	23600.57	96	118969	128	2739	6204727	2265.33	14347	21091.37	111	118078	128	0	0	0	0	0	0	0	0	1542558:1570538:1555215:1536416	50.38	0	2696	6197917	2298.93	0	1831	3206	1.19	3	5828266	601	267	356473	270	208	2	1	Ec	Ec6	intra_species	0.5	20
Ec_0-5_20_Ec7	1247	5992396	4805.45	37837	52279.36	43	239674	128	1909	5992396	3139.02	29726	40646.57	53	194818	128	0	0	0	0	0	0	0	0	1483356:1490370:1515558:1503112	50.16	0	1880	5987791	3185	0	1247	2088	1.11	1	5597805	643	301	389986	302	119	1	1	Ec	Ec7	intra_species	0.5	20
Ec_0-5_20_Ec8	1905	6197616	3253.34	15372	18858.82	118	82984	128	2884	6197616	2148.97	13239	16148	136	82729	128	0	0	0	0	0	0	0	0	1538044:1550193:1564501:1544878	50.26	0	2829	6189154	2187.75	0	1905	3443	1.22	3	5845080	513	231	294478	234	222	1	1	Ec	Ec8	intra_species	0.5	20
Ec_0-5_30_Ec1	5866	7095114	1209.53	3080	4931.29	600	44387	128	7816	7095114	907.77	2336	4139.02	735	43080	128	0	0	0	0	0	0	0	0	1753977:1783956:1792362:1764819	50.41	0	7786	7090542	910.68	0	5866	10045	1.29	5	6428352	525	148	340775	153	975	0	0	Ec	Ec1	intra_species	0.5	30
Ec_0-5_30_Ec2	4231	6860638	1621.52	4829	7529.69	350	35706	128	5573	6860638	1231.05	3954	6590.72	410	35286	128	0	0	0	0	0	0	0	0	1689755:1738680:1727205:1704998	50.52	0	5551	6855882	1235.07	0	4231	7017	1.26	10	6267358	589	179	380851	189	733	3	3	Ec	Ec2	intra_species	0.5	30
Ec_0-5_30_Ec3	4293	6975075	1624.76	4879	7840.69	355	44127	128	5722	6975075	1218.99	3874	6836.97	420	42361	128	0	0	0	0	0	0	0	0	1719721:1748257:1776271:1730826	50.53	0	5694	6970837	1224.24	0	4293	7174	1.26	3	6427162	641	215	461917	218	721	1	1	Ec	Ec3	intra_species	0.5	30
Ec_0-5_30_Ec4	4624	6875497	1486.92	4303	7390.24	395	53349	128	6165	6875497	1115.25	3371	6324.01	474	53349	128	0	0	0	0	0	0	0	0	1699297:1734723:1739116:1702361	50.52	0	6130	6870181	1120.75	0	4624	7869	1.28	3	6354511	484	124	299375	127	820	1	0	Ec	Ec4	intra_species	0.5	30
Ec_0-5_30_Ec5	1632	6311917	3867.6	15238	18641.98	123	59161	128	2405	6311917	2624.5	12732	16550.31	141	59161	128	0	0	0	0	0	0	0	0	1566408:1591549:1584086:1569874	50.31	0	2376	6307030	2654.47	0	1632	2966	1.25	3	5929343	321	112	250200	115	225	1	0	Ec	Ec5	intra_species	0.5	30
Ec_0-5_30_Ec6	6513	7530041	1156.16	3024	4849.25	642	45073	128	8621	7530041	873.45	2227	4093.02	783	44603	128	0	0	0	0	0	0	0	0	1852970:1896412:1907905:1872754	50.52	0	8572	7522445	877.56	0	6513	11068	1.29	13	6843051	562	144	357013	157	1074	2	1	Ec	Ec6	intra_species	0.5	30
Ec_0-5_30_Ec7	1975	6249554	3164.33	14291	17912.47	123	84250	129	2800	6249554	2231.98	13079	14981.46	141	50463	128	0	0	0	0	0	0	0	0	1556744:1572687:1560337:1559786	50.13	0	2784	6246894	2243.86	0	1975	3375	1.21	2	5683685	518	217	383583	219	262	0	0	Ec	Ec7	intra_species	0.5	30
Ec_0-5_30_Ec8	1444	6107668	4229.69	18157	21875.05	100	73834	128	2163	6107668	2823.7	14045	18123.7	122	73834	128	0	0	0	0	0	0	0	0	1520604:1535181:1532782:1519101	50.23	0	2131	6102590	2863.72	0	1444	2636	1.24	8	5368157	322	113	288779	121	188	0	0	Ec	Ec8	intra_species	0.5	30
Ec_0-5_40_Ec1	5277	6903410	1308.21	3476	5130.91	527	36908	128	6730	6903410	1025.77	2900	4554.14	596	36908	128	0	0	0	0	0	0	0	0	1706500:1734565:1742123:1720222	50.36	0	6707	6899671	1028.73	0	5277	8718	1.3	13	6095022	355	79	320723	92	932	3	1	Ec	Ec1	intra_species	0.5	40
Ec_0-5_40_Ec2	3759	6735186	1791.75	5713	8741.1	291	38861	128	4828	6735186	1395.03	4731	8046.08	327	38861	128	0	0	0	0	0	0	0	0	1669142:1701392:1699472:1665180	50.49	0	4807	6731896	1400.44	0	3759	6164	1.28	5	6254941	378	72	247728	77	632	0	0	Ec	Ec2	intra_species	0.5	40
Ec_0-5_40_Ec3	3646	6800828	1865.28	5747	8586.15	297	48828	129	4703	6800828	1446.06	5066	7636.28	334	35760	128	0	0	0	0	0	0	0	0	1678702:1718333:1716105:1687688	50.5	0	4680	6797322	1452.42	0	3646	5997	1.28	8	6160705	378	83	347027	91	575	0	0	Ec	Ec3	intra_species	0.5	40
Ec_0-5_40_Ec4	4237	6722858	1586.7	4643	7413.44	356	39355	131	5348	6722858	1257.08	3935	6710.85	404	39355	128	0	0	0	0	0	0	0	0	1660858:1693368:1703619:1665013	50.53	0	5320	6718499	1262.88	0	4237	6884	1.29	8	6111555	331	50	233907	58	706	1	0	Ec	Ec4	intra_species	0.5	40
Ec_0-5_40_Ec5	2554	6532358	2557.7	8554	10831.23	217	48019	128	3347	6532358	1951.71	7223	9466.38	251	48019	128	0	0	0	0	0	0	0	0	1622846:1644346:1645159:1620007	50.36	0	3330	6529604	1960.84	0	2554	4266	1.28	13	5677552	273	47	177822	60	385	2	2	Ec	Ec5	intra_species	0.5	40
Ec_0-5_40_Ec6	2238	6332464	2829.52	9749	12124.58	189	48997	128	2991	6332464	2117.17	8408	10856.21	211	48742	128	0	0	0	0	0	0	0	0	1563675:1589821:1598201:1580767	50.34	0	2975	6330061	2127.75	0	2238	3780	1.27	15	5610922	290	63	256812	78	342	4	1	Ec	Ec6	intra_species	0.5	40
Ec_0-5_40_Ec7	2981	6521916	2187.83	7771	9921.33	244	44783	128	3994	6521916	1632.93	7148	8833.57	269	44528	128	0	0	0	0	0	0	0	0	1623507:1636108:1631060:1631241	50.1	0	3982	6520087	1637.39	0	2981	5089	1.28	5	5872523	344	107	350929	112	419	1	0	Ec	Ec7	intra_species	0.5	40
Ec_0-5_40_Ec8	2368	6320067	2668.95	9209	12118.85	196	61019	131	3151	6320067	2005.73	7665	10432.87	231	61019	128	0	0	0	0	0	0	0	0	1570409:1582680:1593880:1573098	50.26	0	3130	6314909	2017.54	0	2368	4006	1.28	10	5414501	266	52	224003	62	375	0	0	Ec	Ec8	intra_species	0.5	40
Ec_0-5_50_Ec1	5753	7031186	1222.18	2992	4980.47	595	53068	128	7286	7031186	965.03	2549	4453.08	673	53068	128	0	0	0	0	0	0	0	0	1736887:1767021:1776421:1750857	50.4	0	7258	7026892	968.16	0	5753	9459	1.3	14	6113354	350	51	276828	65	994	0	0	Ec	Ec1	intra_species	0.5	50
Ec_0-5_50_Ec2	4098	6816141	1663.28	4938	8007.58	330	43421	128	5236	6816141	1301.78	4283	7104.64	371	41481	128	0	0	0	0	0	0	0	0	1680674:1716702:1725850:1692915	50.51	0	5214	6812686	1306.61	0	4098	6703	1.29	12	6095632	387	76	299494	88	677	1	0	Ec	Ec2	intra_species	0.5	50
Ec_0-5_50_Ec3	4240	6951411	1639.48	4826	7732.38	353	37451	128	5433	6951411	1279.48	4132	6900.91	403	36811	128	0	0	0	0	0	0	0	0	1715460:1757578:1752336:1726037	50.49	0	5409	6947684	1284.47	0	4240	6980	1.29	13	6093856	360	61	289800	74	695	1	1	Ec	Ec3	intra_species	0.5	50
Ec_0-5_50_Ec4	4701	6846274	1456.34	4030	6549.35	423	40646	128	5945	6846274	1151.6	3415	5968.13	474	40646	128	0	0	0	0	0	0	0	0	1687723:1726381:1731123:1701047	50.5	0	5924	6843007	1155.13	0	4701	7640	1.29	12	5457118	405	74	298998	86	802	0	0	Ec	Ec4	intra_species	0.5	50
Ec_0-5_50_Ec5	6574	7603146	1156.55	2712	4428.89	698	35874	128	8300	7603146	916.04	2178	3808.24	827	35874	128	0	0	0	0	0	0	0	0	1869617:1917171:1922176:1894182	50.5	0	8269	7598521	918.92	0	6574	10742	1.3	8	7122394	442	71	246448	79	1019	3	1	Ec	Ec5	intra_species	0.5	50
Ec_0-5_50_Ec6	2305	6308543	2736.9	8962	12183.67	194	53277	130	2951	6308543	2137.76	8165	11004.15	216	53277	128	0	0	0	0	0	0	0	0	1562085:1581618:1594989:1569851	50.35	0	2939	6306583	2145.83	0	2305	3718	1.27	9	5496466	308	55	234784	64	348	0	0	Ec	Ec6	intra_species	0.5	50
Ec_0-5_50_Ec7	5375	7132738	1327.02	4031	5440.38	489	42656	128	7096	7132738	1005.18	3423	4772.29	559	42656	128	0	0	0	0	0	0	0	0	1768605:1781278:1791083:1791772	50.08	0	7075	7129517	1007.71	0	5375	9189	1.3	8	6429952	384	87	347246	95	869	1	0	Ec	Ec7	intra_species	0.5	50
Ec_0-5_50_Ec8	2434	6299532	2588.14	8468	10344.47	220	43601	128	3085	6299532	2041.99	7261	9280.84	244	43346	128	0	0	0	0	0	0	0	0	1563244:1576267:1588212:1571809	50.23	0	3068	6295070	2051.85	0	2434	3902	1.27	9	5447909	290	67	303192	76	376	0	0	Ec	Ec8	intra_species	0.5	50
Ec_5_10_Ec1	2060	6572018	3190.3	69341	103052.83	23	326398	128	2590	6572018	2537.46	62178	99458.07	24	326398	128	0	0	0	0	0	0	0	0	1630006:1661478:1651444:1629090	50.41	0	2554	6566446	2571.04	0	2060	1380	0.54	2	5309314	3057	1518	1256939	1520	32	1	1	Ec	Ec1	intra_species	5	10
Ec_5_10_Ec2	1913	6701652	3503.22	84883	102056.12	23	302302	128	2249	6701652	2979.84	64116	94996	25	298503	128	0	0	0	0	0	0	0	0	1660980:1685297:1682863:1672512	50.26	0	2220	6697148	3016.73	0	1913	924	0.42	3	5201182	3064	1520	1445276	1523	52	1	1	Ec	Ec2	intra_species	5	10
Ec_5_10_Ec3	2084	6823763	3274.36	83688	94718.99	24	287290	128	2441	6823763	2795.48	63289	84462.95	28	287290	128	0	0	0	0	0	0	0	0	1696815:1713723:1716229:1696996	50.26	0	2408	6818609	2831.65	0	2084	1033	0.43	1	5443016	3276	1625	1375593	1626	56	0	0	Ec	Ec3	intra_species	5	10
Ec_5_10_Ec4	2081	6876701	3304.52	75516	88583.57	26	261690	128	2418	6876701	2843.96	64737	75920.38	30	234770	128	0	0	0	0	0	0	0	0	1698048:1728262:1743797:1706594	50.49	0	2380	6870800	2886.89	0	2081	876	0.37	5	5407389	3460	1720	1462294	1725	31	4	4	Ec	Ec4	intra_species	5	10
Ec_5_10_Ec5	2676	7369991	2754.11	49430	73045.11	34	269014	128	3441	7369991	2141.82	38402	53733.52	46	181249	128	0	0	0	0	0	0	0	0	1817374:1857944:1861526:1833147	50.47	0	3394	7362469	2169.26	0	2676	2108	0.62	1	5813117	3648	1807	1549352	1808	63	0	0	Ec	Ec5	intra_species	5	10
Ec_5_10_Ec6	3010	7617573	2530.76	56070	82035.43	30	244841	128	3649	7617573	2087.58	47670	76191.98	33	244238	128	0	0	0	0	0	0	0	0	1863885:1924010:1945505:1884173	50.8	0	3602	7610004	2112.72	0	3010	1730	0.48	2	5596904	4625	2304	2012825	2306	63	2	1	Ec	Ec6	intra_species	5	10
Ec_5_10_Ec7	2844	7528289	2647.08	90642	104789.72	23	314198	128	3331	7528289	2260.07	72462	92640.78	26	267856	128	0	0	0	0	0	0	0	0	1848048:1896710:1925856:1857675	50.78	0	3299	7522796	2280.33	0	2844	1338	0.41	2	5482480	4603	2295	2039955	2297	47	1	1	Ec	Ec7	intra_species	5	10
Ec_5_10_Ec8	2503	7180081	2868.59	61015	85790.23	27	298834	128	3138	7180081	2288.11	56835	74635.75	31	244192	128	0	0	0	0	0	0	0	0	1772349:1813629:1809444:1784659	50.46	0	3093	7173106	2319.14	0	2503	1755	0.57	9	5617547	3570	1773	1553363	1782	58	8	8	Ec	Ec8	intra_species	5	10
Ec_5_20_Ec1	3213	8323273	2590.5	25060	41202.13	72	194518	128	3834	8323273	2170.91	14923	28587.35	114	194518	128	0	0	0	0	0	0	0	0	2056394:2094464:2101824:2070591	50.42	0	3809	8319450	2184.16	0	3213	1779	0.47	14	5014265	4968	2398	2769616	2412	40	3	2	Ec	Ec1	intra_species	5	20
Ec_5_20_Ec2	2959	8442541	2853.17	20557	40397.8	76	169154	128	3379	8442541	2498.53	15394	29952.03	105	150371	128	0	0	0	0	0	0	0	0	2109956:2117787:2104763:2110035	50.02	0	3354	8438617	2515.99	0	2959	1220	0.36	6	5210804	4888	2370	2972912	2376	60	1	1	Ec	Ec2	intra_species	5	20
Ec_5_20_Ec3	2893	8459919	2924.27	27115	52833.25	60	225333	128	3312	8459919	2554.32	16484	36801.9	89	182841	128	0	0	0	0	0	0	0	0	2100836:2112330:2125559:2121194	50.09	0	3284	8455598	2574.79	0	2893	1289	0.39	2	5499360	4644	2264	2953697	2266	68	1	1	Ec	Ec3	intra_species	5	20
Ec_5_20_Ec4	2855	8598806	3011.84	24664	34559.13	84	146556	128	3273	8598806	2627.19	15132	25670.47	119	145915	128	0	0	0	0	0	0	0	0	2119869:2162424:2178089:2138424	50.48	0	3239	8593510	2653.14	0	2855	1171	0.36	12	5157700	4736	2289	2987987	2301	39	5	4	Ec	Ec4	intra_species	5	20
Ec_5_20_Ec5	3865	9385178	2428.25	9348	18329.51	186	96422	128	4960	9385178	1892.17	5263	12055.23	314	62574	128	0	0	0	0	0	0	0	0	2310713:2363404:2376480:2334581	50.5	0	4908	9377053	1910.56	0	3865	3267	0.67	19	5886311	4945	2230	3034751	2249	103	2	2	Ec	Ec5	intra_species	5	20
Ec_5_20_Ec6	3976	9993525	2513.46	7867	53913.15	90	230956	128	4623	9993525	2161.7	5717	48417.71	111	230827	128	0	0	0	0	0	0	0	0	2437531:2554441:2543572:2457981	51.01	0	4592	9988635	2175.23	0	3976	1822	0.4	3	5437565	6469	3207	4353562	3210	67	2	1	Ec	Ec6	intra_species	5	20
Ec_5_20_Ec7	3577	9738584	2722.56	13550	58676.72	68	288685	129	4060	9738584	2398.67	9175	49089.28	86	217413	128	0	0	0	0	0	0	0	0	2374938:2477705:2491668:2394273	51.03	0	4036	9734468	2411.91	0	3577	1427	0.35	5	4987988	5945	2943	4510685	2948	47	1	1	Ec	Ec7	intra_species	5	20
Ec_5_20_Ec8	3179	8991975	2828.55	12659	27685.96	120	148925	128	3960	8991975	2270.7	9025	19171.09	174	119965	128	0	0	0	0	0	0	0	0	2216531:2263284:2273031:2239129	50.45	0	3914	8984877	2295.57	0	3179	2290	0.59	20	5250546	4410	2087	3168079	2107	63	11	8	Ec	Ec8	intra_species	5	20
Ec_5_30_Ec1	2244	8842965	3940.72	10146	15964.56	200	84137	128	2580	8842965	3427.51	7047	11094.13	303	65168	128	0	0	0	0	0	0	0	0	2189325:2217971:2234154:2201515	50.35	0	2568	8841195	3442.83	0	2244	1074	0.42	58	3339961	3533	1521	2911076	1579	23	5	3	Ec	Ec1	intra_species	5	30
Ec_5_30_Ec2	3574	9691255	2711.6	5996	14638.86	332	130676	128	4575	9691255	2118.31	4641	10148.99	464	91395	128	0	0	0	0	0	0	0	0	2417372:2427187:2427291:2419405	50.09	0	4536	9684311	2134.99	0	3574	3326	0.73	62	4382941	4095	1671	3118515	1733	199	5	3	Ec	Ec2	intra_species	5	30
Ec_5_30_Ec3	2811	9311361	3312.47	8110	17689.42	227	108369	128	3503	9311361	2658.11	6259	12595.81	333	83758	128	0	0	0	0	0	0	0	0	2320862:2329688:2337047:2323764	50.12	0	3467	9305953	2684.15	0	2811	2321	0.67	35	3775005	3465	1484	3061573	1519	118	0	0	Ec	Ec3	intra_species	5	30
Ec_5_30_Ec4	2635	9715243	3687	8124	14519.53	267	75414	128	3654	9715243	2658.8	5763	10220.94	391	64737	128	0	0	0	0	0	0	0	0	2402986:2450774:2453274:2408209	50.48	0	3586	9705144	2706.4	0	2635	2814	0.78	56	4221572	2968	1117	2745757	1173	149	2	1	Ec	Ec4	intra_species	5	30
Ec_5_30_Ec5	1839	9518763	5176.05	10664	16561.53	220	75296	133	2342	9518763	4064.37	6839	11477	347	63145	128	0	0	0	0	0	0	0	0	2349442:2401202:2397873:2370246	50.42	0	2319	9515330	4103.2	0	1839	1491	0.64	50	5080246	2415	919	2580369	969	32	4	2	Ec	Ec5	intra_species	5	30
Ec_5_30_Ec6	2273	10557114	4644.57	9463	31267.24	160	172945	154	2422	10557114	4358.84	8687	27125.92	184	172945	128	0	0	0	0	0	0	0	0	2580174:2692121:2694786:2590033	51.03	0	2419	10556634	4364.05	0	2273	449	0.19	8	4365042	4176	2022	5892415	2030	1	1	1	Ec	Ec6	intra_species	5	30
Ec_5_30_Ec7	2486	10508332	4227	9663	41588.02	129	251735	129	2981	10508332	3525.1	8829	32287.95	157	166619	128	0	0	0	0	0	0	0	0	2559919:2677687:2690451:2580275	51.08	0	2965	10505704	3543.24	0	2486	1522	0.51	18	4299046	3663	1747	5672446	1765	50	3	2	Ec	Ec7	intra_species	5	30
Ec_5_30_Ec8	1701	9327120	5483.32	10624	17929.78	199	76518	130	2171	9327120	4296.23	7772	12574.67	297	63374	128	0	0	0	0	0	0	0	0	2305612:2346167:2352671:2322670	50.38	0	2148	9323599	4340.6	0	1701	1364	0.64	59	4508078	2256	857	2673904	916	35	11	6	Ec	Ec8	intra_species	5	30
Ec_5_40_Ec1	1767	9225232	5220.84	9092	11406.09	297	54253	128	2342	9225232	3939.04	6443	8226.32	423	40086	128	0	0	0	0	0	0	0	0	2287474:2318415:2327653:2291690	50.36	0	2309	9220594	3993.33	0	1767	1742	0.75	108	2525886	2020	634	2099484	742	57	6	4	Ec	Ec1	intra_species	5	40
Ec_5_40_Ec2	1708	9416630	5513.25	9425	13587.15	271	69751	128	2139	9416630	4402.35	7223	10812.78	357	65913	128	0	0	0	0	0	0	0	0	2346314:2355749:2349933:2364634	49.97	0	2123	9414302	4434.43	0	1708	1434	0.68	103	2600280	2098	708	2810920	811	46	10	4	Ec	Ec2	intra_species	5	40
Ec_5_40_Ec3	1595	9314231	5839.64	10477	15318.14	235	66264	137	2020	9314231	4611.01	7859	11842.46	316	63494	128	0	0	0	0	0	0	0	0	2316014:2329867:2334635:2333715	50.08	0	2002	9311464	4651.08	0	1595	1489	0.74	84	3171293	1775	561	2211180	645	46	3	2	Ec	Ec3	intra_species	5	40
Ec_5_40_Ec4	1887	9762429	5173.52	10319	13486.46	276	58738	128	2877	9762429	3393.27	7655	10292.08	366	58402	128	0	0	0	0	0	0	0	0	2412481:2457249:2469542:2423157	50.47	0	2800	9751139	3482.55	0	1887	2649	0.95	107	3040386	1648	413	1907383	520	133	6	1	Ec	Ec4	intra_species	5	40
Ec_5_40_Ec5	2483	10309177	4151.9	9266	12400.97	313	50013	128	4017	10309177	2566.39	6542	9046.09	439	47108	128	0	0	0	0	0	0	0	0	2546992:2599665:2606025:2556495	50.5	0	3908	10292589	2633.72	0	2483	4240	1.08	89	4773152	1493	280	1376786	369	199	0	0	Ec	Ec5	intra_species	5	40
Ec_5_40_Ec6	1313	10793550	8220.53	14095	23129.8	186	135444	181	1487	10793550	7258.61	13135	21512.63	201	135444	128	0	0	0	0	0	0	0	0	2638189:2748384:2758447:2648530	51.02	0	1479	10792320	7297.04	0	1313	498	0.34	26	2952293	2220	1002	7015789	1028	4	2	1	Ec	Ec6	intra_species	5	40
Ec_5_40_Ec7	1159	10449157	9015.67	16469	25996.45	162	137720	131	1326	10449157	7880.21	15176	23077.91	181	137720	128	0	0	0	0	0	0	0	0	2550930:2659437:2677265:2561525	51.07	0	1316	10447619	7938.92	0	1159	431	0.33	36	2122093	1993	890	6727398	926	4	8	5	Ec	Ec7	intra_species	5	40
Ec_5_40_Ec8	2648	10203833	3853.41	9559	12249.03	307	62513	128	4401	10203833	2318.53	7144	9109.22	409	38808	128	0	0	0	0	0	0	0	0	2519727:2569770:2578536:2535800	50.45	0	4259	10182752	2390.88	0	2648	4595	1.08	102	3732254	1660	378	1929377	480	225	5	1	Ec	Ec8	intra_species	5	40
Ec_5_50_Ec1	1683	9251366	5496.95	9004	11510	301	56721	128	2321	9251366	3985.94	6307	8608.89	429	56721	128	0	0	0	0	0	0	0	0	2290982:2323039:2334979:2302366	50.35	0	2278	9245097	4058.43	0	1683	1891	0.83	142	1786568	1731	436	1726663	578	77	6	3	Ec	Ec1	intra_species	5	50
Ec_5_50_Ec2	1590	9523831	5989.83	9994	12197.1	288	47062	130	2061	9523831	4620.98	7492	10156.18	357	47062	128	0	0	0	0	0	0	0	0	2378736:2383302:2376957:2384836	49.98	0	2040	9520724	4667.02	0	1590	1585	0.78	152	1154336	1704	462	2517321	614	68	7	3	Ec	Ec2	intra_species	5	50
Ec_5_50_Ec3	1505	9381294	6233.42	10955	14104.44	250	66912	128	2007	9381294	4674.29	8103	10948.69	326	51346	128	0	0	0	0	0	0	0	0	2335339:2347461:2351410:2347084	50.09	0	1978	9376946	4740.62	0	1505	1583	0.8	130	1213803	1586	423	2180534	553	66	7	4	Ec	Ec3	intra_species	5	50
Ec_5_50_Ec4	2150	9949437	4627.65	10208	13461.7	272	48084	128	3422	9949437	2907.49	7492	10172.83	369	45471	128	0	0	0	0	0	0	0	0	2461364:2514403:2507164:2466506	50.47	0	3317	9933858	2994.83	0	2150	3348	1.01	118	1797965	1634	356	1906808	474	173	2	1	Ec	Ec4	intra_species	5	50
Ec_5_50_Ec5	2454	10262819	4182.08	9489	12682.98	308	67968	128	3974	10262819	2582.49	6263	8951.94	449	59483	128	0	0	0	0	0	0	0	0	2535168:2591845:2590605:2545201	50.5	0	3848	10244241	2662.22	0	2454	4046	1.05	85	4377545	1650	370	1698319	455	211	2	1	Ec	Ec5	intra_species	5	50
Ec_5_50_Ec6	1432	10996241	7678.94	16689	19570.05	208	81461	128	1864	10996241	5899.27	15833	18417.01	219	81461	128	0	0	0	0	0	0	0	0	2687039:2805492:2808573:2695137	51.05	0	1836	10991815	5986.83	0	1432	1272	0.69	49	1584181	1784	725	7382521	774	36	3	0	Ec	Ec6	intra_species	5	50
Ec_5_50_Ec7	930	10461689	11249.13	19276	23220.75	167	72401	165	1094	10461689	9562.79	18039	21908.13	176	72401	128	0	0	0	0	0	0	0	0	2550365:2664281:2679883:2567160	51.08	0	1086	10460443	9632.08	0	930	418	0.38	40	699015	1549	657	7456734	697	2	5	2	Ec	Ec7	intra_species	5	50
Ec_5_50_Ec8	2248	9940835	4422.08	10143	13712.62	268	59482	128	3550	9940835	2800.24	7546	9849.43	373	59482	128	0	0	0	0	0	0	0	0	2457181:2501508:2513726:2468420	50.45	0	3438	9923802	2886.5	0	2248	3552	1.03	74	3855598	1570	408	2026135	482	175	4	2	Ec	Ec8	intra_species	5	50
Ec_Lm_10_Ec1	2330	7560378	3244.8	42701	77716.16	34	293077	128	2883	7560378	2622.4	41515	74899.53	37	290684	128	0	0	0	0	0	0	0	0	2004917:1767757:1771324:2016380	46.81	0	2851	7555503	2650.12	0	2330	1489	0.52	2	5178771	3488	1731	2372310	1733	23	2	1	Ec	Ec1	inter_species	Lm	10
Ec_Lm_10_Ec2	2195	7649865	3485.13	56227	85674.93	31	302175	128	2546	7649865	3004.66	46594	81590.93	34	301005	128	0	0	0	0	0	0	0	0	2018015:1799935:1787116:2044799	46.89	0	2514	7644954	3040.95	0	2195	980	0.39	2	5000251	3569	1770	2614014	1772	44	0	0	Ec	Ec2	inter_species	Lm	10
Ec_Lm_10_Ec3	2158	7651674	3545.72	61779	92668.9	28	287290	128	2517	7651674	3040	51780	86306.43	31	287290	128	0	0	0	0	0	0	0	0	2016458:1797255:1800589:2037372	47.02	0	2486	7646744	3075.92	0	2158	1081	0.43	2	5170549	3360	1673	2475864	1675	61	1	1	Ec	Ec3	inter_species	Lm	10
Ec_Lm_10_Ec4	2056	7623259	3707.81	54698	67837.24	36	234770	128	2403	7623259	3172.39	48527	64573.44	38	234770	128	0	0	0	0	0	0	0	0	2011779:1782088:1799943:2029449	46.99	0	2366	7617600	3219.61	0	2056	932	0.39	2	5277724	3350	1660	2339545	1662	27	1	1	Ec	Ec4	inter_species	Lm	10
Ec_Lm_10_Ec5	2489	8128811	3265.89	37625	65818.2	43	268887	128	3201	8128811	2539.46	37489	59529.86	46	230758	128	0	0	0	0	0	0	0	0	2143700:1905674:1908508:2170929	46.92	0	3157	8121743	2572.61	0	2489	1981	0.63	2	5781997	3366	1671	2339415	1673	50	1	1	Ec	Ec5	inter_species	Lm	10
Ec_Lm_10_Ec6	2465	7936305	3219.6	47053	76590.21	35	244238	128	3157	7936305	2513.88	41232	71398.07	38	244238	128	0	0	0	0	0	0	0	0	2096640:1852554:1864427:2122684	46.84	0	3116	7929551	2544.79	0	2465	1910	0.61	2	5616486	3387	1680	2312695	1682	58	2	1	Ec	Ec6	inter_species	Lm	10
Ec_Lm_10_Ec7	2292	7768631	3389.46	84349	97567.02	26	314198	129	2820	7768631	2754.83	63523	87444.38	29	267856	128	0	0	0	0	0	0	0	0	2059628:1819444:1811300:2078259	46.74	0	2788	7763184	2784.5	0	2292	1463	0.52	3	5500472	3396	1688	2259158	1691	44	2	2	Ec	Ec7	inter_species	Lm	10
Ec_Lm_10_Ec8	2422	7962419	3287.54	46638	77191.19	35	291951	128	3174	7962419	2508.64	39488	70853.3	38	244192	128	0	0	0	0	0	0	0	0	2099232:1866988:1867045:2129154	46.9	0	3114	7953006	2553.95	0	2422	1942	0.62	4	5639811	3335	1654	2309396	1658	54	4	3	Ec	Ec8	inter_species	Lm	10
Ec_Lm_20_Ec1	1252	8149280	6509.01	35916	69370.69	46	293204	128	1797	8149280	4534.94	33829	66826.63	49	290684	128	0	0	0	0	0	0	0	0	2187591:1876776:1887435:2197478	46.19	0	1771	8145348	4599.29	0	1252	1536	0.87	3	5102812	1257	600	3032755	603	31	0	0	Ec	Ec1	inter_species	Lm	20
Ec_Lm_20_Ec2	1072	8295051	7737.92	41708	70842.94	44	286187	128	1417	8295051	5853.95	38088	67527.33	48	286187	128	0	0	0	0	0	0	0	0	2221822:1920188:1912048:2240993	46.2	0	1388	8290594	5973.05	0	1072	985	0.71	6	5105381	1311	629	3107586	635	53	2	1	Ec	Ec2	inter_species	Lm	20
Ec_Lm_20_Ec3	1062	8263825	7781.38	44544	68169.42	42	259461	128	1427	8263825	5791.05	41233	64570.79	46	259178	128	0	0	0	0	0	0	0	0	2205515:1913799:1916060:2228451	46.34	0	1397	8259195	5912.09	0	1062	1020	0.73	3	5129800	1274	615	3119977	618	56	1	1	Ec	Ec3	inter_species	Lm	20
Ec_Lm_20_Ec4	930	8187642	8803.92	43859	71497.74	42	301524	129	1249	8187642	6555.36	38088	70126.61	43	301004	128	0	0	0	0	0	0	0	0	2176784:1903005:1892887:2214966	46.36	0	1220	8183282	6707.61	0	930	914	0.75	4	5387035	1087	526	2772931	530	40	1	0	Ec	Ec4	inter_species	Lm	20
Ec_Lm_20_Ec5	1379	8643389	6267.87	28270	54991.96	58	199729	128	2104	8643389	4108.07	26393	52875.94	61	197727	128	0	0	0	0	0	0	0	0	2307922:2000630:2010835:2324002	46.41	0	2067	8637506	4178.76	0	1379	2071	1	5	5716784	1050	491	2855331	496	43	2	1	Ec	Ec5	inter_species	Lm	20
Ec_Lm_20_Ec6	1352	8460751	6257.95	35919	66856.42	47	231084	128	1995	8460751	4240.98	33454	62073.72	50	230827	128	0	0	0	0	0	0	0	0	2261868:1959895:1954733:2284255	46.27	0	1961	8455145	4311.65	0	1352	1888	0.96	5	5417631	1111	526	3000278	531	58	3	2	Ec	Ec6	inter_species	Lm	20
Ec_Lm_20_Ec7	1173	8331231	7102.5	46240	75291.46	38	288686	128	1636	8331231	5092.44	43399	69284.02	42	259237	128	0	0	0	0	0	0	0	0	2238545:1919794:1922080:2250812	46.11	0	1621	8328881	5138.11	0	1173	1401	0.86	10	4981127	1155	552	3152965	562	50	6	2	Ec	Ec7	inter_species	Lm	20
Ec_Lm_20_Ec8	1272	8452530	6645.07	34905	65440.8	48	298039	128	1994	8452530	4238.98	33454	60540.24	51	232823	128	0	0	0	0	0	0	0	0	2257648:1967012:1953919:2273951	46.39	0	1945	8444906	4341.85	0	1272	1941	1	4	5317944	1002	473	3100638	477	44	2	1	Ec	Ec8	inter_species	Lm	20
Ec_Lm_30_Ec1	777	8187056	10536.75	46213	65751.86	50	242204	129	1319	8187056	6207.02	45400	64872.02	50	240992	128	0	0	0	0	0	0	0	0	2180327:1896078:1882120:2228531	46.15	0	1285	8181605	6367.01	0	777	1504	1.17	6	4466290	333	122	3443454	128	28	2	1	Ec	Ec1	inter_species	Lm	30
Ec_Lm_30_Ec2	593	8331318	14049.44	49722	61539.79	52	219664	128	927	8331318	8987.4	44959	59292.97	54	219664	128	0	0	0	0	0	0	0	0	2232969:1926193:1918393:2253763	46.15	0	909	8328302	9162.05	0	593	945	1.04	5	4025449	413	163	4132741	168	42	0	0	Ec	Ec2	inter_species	Lm	30
Ec_Lm_30_Ec3	678	8299625	12241.33	46190	61902.33	53	287290	128	994	8299625	8349.72	45369	60964.96	54	287290	128	0	0	0	0	0	0	0	0	2232335:1904183:1939327:2223780	46.31	0	975	8296600	8509.33	0	678	1066	1.09	5	3863149	361	136	4152478	141	62	0	0	Ec	Ec3	inter_species	Lm	30
Ec_Lm_30_Ec4	527	8221311	15600.21	57799	68534.61	43	202965	128	866	8221311	9493.43	56234	65313.01	44	171000	128	0	0	0	0	0	0	0	0	2209891:1915480:1893223:2202717	46.33	0	835	8216404	9840	0	527	915	1.1	5	4541925	316	116	3478597	121	27	0	0	Ec	Ec4	inter_species	Lm	30
Ec_Lm_30_Ec5	1007	8658655	8598.47	49125	58743.38	53	185771	128	1650	8658655	5247.67	47711	54740.46	56	158234	128	0	0	0	0	0	0	0	0	2324279:2002530:2011199:2320647	46.36	0	1625	8645200	5320.12	0	1007	1946	1.2	6	5144811	349	118	3208035	124	52	1	0	Ec	Ec5	inter_species	Lm	30
Ec_Lm_30_Ec6	943	8486240	8999.19	55867	63991.15	47	168778	128	1591	8486240	5333.9	54081	61576.72	48	168650	128	0	0	0	0	0	0	0	0	2270276:1970199:1953904:2291861	46.24	0	1559	8480956	5440	0	943	1880	1.21	6	4819055	317	111	3412304	117	49	2	1	Ec	Ec6	inter_species	Lm	30
Ec_Lm_30_Ec7	768	8364731	10891.58	57150	73909.04	42	218259	129	1252	8364731	6681.1	56418	71238.63	43	218259	128	0	0	0	0	0	0	0	0	2270999:1902219:1952453:2239060	46.08	0	1231	8361185	6792.19	0	768	1431	1.16	8	4446710	331	118	3644280	126	50	0	0	Ec	Ec7	inter_species	Lm	30
Ec_Lm_30_Ec8	932	8467390	9085.18	55619	67327.8	45	173087	128	1566	8467390	5407.02	53578	65759.03	46	172958	128	0	0	0	0	0	0	0	0	2250106:1966488:1958325:2292471	46.35	0	1530	8461362	5530.3	0	932	1848	1.21	5	4444475	306	103	3758809	108	43	1	0	Ec	Ec8	inter_species	Lm	30
Ec_Lm_40_Ec1	746	8159029	10937.04	52097	95327.86	38	394094	128	1206	8159029	6765.36	46922	90278.51	41	393047	128	0	0	0	0	0	0	0	0	2179072:1898634:1864439:2216884	46.12	0	1184	8155311	6887.93	0	746	1332	1.12	5	2839314	387	128	4049243	133	24	0	0	Ec	Ec1	inter_species	Lm	40
Ec_Lm_40_Ec2	564	8319630	14751.12	56894	98734.54	39	411825	128	859	8319630	9685.25	52666	96567.93	41	411825	128	0	0	0	0	0	0	0	0	2233821:1928086:1910243:2247480	46.14	0	840	8316526	9900.63	0	564	871	1.04	8	2962521	386	125	4839443	133	40	0	0	Ec	Ec2	inter_species	Lm	40
Ec_Lm_40_Ec3	619	8282151	13379.89	76461	108242.96	30	416282	128	910	8282151	9101.26	73567	107310.92	30	416282	128	0	0	0	0	0	0	0	0	2226478:1924701:1909930:2221042	46.3	0	895	8279920	9251.31	0	619	943	1.05	10	2971593	383	128	4083236	138	41	1	1	Ec	Ec3	inter_species	Lm	40
Ec_Lm_40_Ec4	544	8216209	15103.33	52759	118036.41	34	548094	128	854	8216209	9620.85	52759	103566.36	35	410839	128	0	0	0	0	0	0	0	0	2184901:1930586:1875297:2225425	46.32	0	833	8212646	9859.12	0	544	886	1.06	7	3364833	353	102	3628278	109	37	0	0	Ec	Ec4	inter_species	Lm	40
Ec_Lm_40_Ec5	976	8628241	8840.41	48751	103133.2	37	355611	128	1577	8628241	5471.3	47630	93404.65	42	355611	128	0	0	0	0	0	0	0	0	2298665:2009872:1989827:2329877	46.36	0	1556	8624962	5543.03	0	976	1827	1.17	7	3848772	392	108	3476368	115	35	0	0	Ec	Ec5	inter_species	Lm	40
Ec_Lm_40_Ec6	887	8454243	9531.28	49660	152983.39	33	722014	128	1458	8454243	5798.52	49093	134107.65	35	720635	128	0	0	0	0	0	0	0	0	2259961:1972895:1934868:2286519	46.22	0	1429	8449648	5912.98	0	887	1667	1.17	8	3189508	378	117	2899814	125	55	1	0	Ec	Ec6	inter_species	Lm	40
Ec_Lm_40_Ec7	756	8344793	11038.09	59497	127387.34	31	540681	129	1172	8344793	7120.13	58176	121164.13	33	540681	128	0	0	0	0	0	0	0	0	2267337:1905243:1938710:2233503	46.06	0	1157	8342179	7210.18	0	756	1292	1.12	13	1732206	386	131	4481451	144	35	3	1	Ec	Ec7	inter_species	Lm	40
Ec_Lm_40_Ec8	935	8454491	9042.24	59968	135408.36	30	509461	128	1533	8454491	5515	59023	127496.92	32	509461	128	0	0	0	0	0	0	0	0	2271042:1958992:1959283:2265174	46.35	0	1508	8450404	5603.72	0	935	1799	1.19	7	3754646	338	93	3946573	100	52	1	0	Ec	Ec8	inter_species	Lm	40
Ec_Lm_50_Ec1	904	8137845	9002.04	29173	148149.02	43	600548	128	1327	8137845	6132.51	28781	131684.64	47	549070	128	0	0	0	0	0	0	0	0	2196021:1867049:1884209:2190566	46.1	0	1309	8134658	6214.41	0	904	1223	0.93	11	1659192	797	320	4174415	331	25	1	1	Ec	Ec1	inter_species	Lm	50
Ec_Lm_50_Ec2	628	8243094	13125.95	30203	222859.3	36	949065	128	806	8243094	10227.16	29890	210663.38	40	949065	128	0	0	0	0	0	0	0	0	2210132:1910050:1888530:2234382	46.08	0	797	8241620	10340.8	0	628	533	0.67	18	1491335	801	323	3945599	341	18	0	0	Ec	Ec2	inter_species	Lm	50
Ec_Lm_50_Ec3	742	8251088	11120.06	31745	341151.15	36	1469892	128	991	8251088	8326.02	29295	231185.02	39	1038364	128	0	0	0	0	0	0	0	0	2210910:1910887:1907163:2222128	46.27	0	981	8249380	8409.15	0	742	802	0.82	11	2359387	764	296	3503333	307	42	0	0	Ec	Ec3	inter_species	Lm	50
Ec_Lm_50_Ec4	611	8136786	13317.16	34754	293791.71	36	1285302	128	791	8136786	10286.71	34608	279452.88	37	1285302	128	0	0	0	0	0	0	0	0	2193744:1869939:1894129:2178974	46.26	0	784	8135680	10377.14	0	611	562	0.72	14	1034546	731	288	4808836	302	16	1	1	Ec	Ec4	inter_species	Lm	50
Ec_Lm_50_Ec5	1142	8571244	7505.47	28497	337438.67	40	1461120	128	1602	8571244	5350.34	28443	211144.48	44	1032617	128	0	0	0	0	0	0	0	0	2263424:2013300:1957055:2337465	46.32	0	1589	8569222	5392.84	0	1142	1549	0.97	17	2008159	870	318	3405621	335	44	2	2	Ec	Ec5	inter_species	Lm	50
Ec_Lm_50_Ec6	1035	8406636	8122.35	29183	273319.24	37	1232609	128	1503	8406636	5593.24	29035	197582.96	39	901821	128	0	0	0	0	0	0	0	0	2233998:1956977:1926034:2289627	46.19	0	1482	8403378	5670.3	0	1035	1450	0.98	10	2037042	802	300	3493671	310	48	1	0	Ec	Ec6	inter_species	Lm	50
Ec_Lm_50_Ec7	796	8256049	10371.92	26943	278439.96	42	1252175	128	1092	8256049	7560.48	26807	261959.55	45	1252175	128	0	0	0	0	0	0	0	0	2213578:1905969:1892816:2243686	46.01	0	1081	8254024	7635.54	0	796	909	0.84	11	2034792	806	340	4037211	351	24	3	2	Ec	Ec7	inter_species	Lm	50
Ec_Lm_50_Ec8	1047	8401872	8024.71	32547	340258.54	37	1465814	128	1556	8401872	5399.66	32164	295781.19	40	1332093	128	0	0	0	0	0	0	0	0	2265467:1931215:1959505:2245685	46.31	0	1536	8398297	5467.64	0	1047	1536	1	9	2011712	786	298	3501630	307	34	2	0	Ec	Ec8	inter_species	Lm	50
Ec_Se_10_Ec1	2787	7346766	2636.08	42701	93625.14	29	360892	128	3293	7346766	2231.03	41541	91439.24	31	359465	128	0	0	0	0	0	0	0	0	1802175:1874971:1871577:1798043	51	0	3265	7342423	2248.83	0	2787	1357	0.42	1	5281803	4512	2246	2060620	2247	30	0	0	Ec	Ec1	inter_species	Se	10
Ec_Se_10_Ec2	2574	7399820	2874.83	67937	84880.88	29	259461	128	2910	7399820	2542.89	59893	77861.01	32	259178	128	0	0	0	0	0	0	0	0	1807718:1891123:1884135:1816844	51.02	0	2880	7395188	2567.77	0	2574	893	0.31	2	5332216	4433	2203	2032789	2205	46	0	0	Ec	Ec2	inter_species	Se	10
Ec_Se_10_Ec3	2706	7509998	2775.31	61779	87753.02	29	287290	128	3048	7509998	2463.91	51780	82552.67	32	287290	128	0	0	0	0	0	0	0	0	1830978:1900812:1931326:1846882	51.03	0	3012	7504439	2491.51	0	2706	1000	0.33	1	5370307	4532	2258	2134132	2259	51	0	0	Ec	Ec3	inter_species	Se	10
Ec_Se_10_Ec4	2520	7391623	2933.18	59937	82135.89	30	244545	129	2858	7391623	2586.29	55298	75698.81	33	244545	128	0	0	0	0	0	0	0	0	1806292:1877914:1891069:1816348	50.99	0	2819	7385616	2619.94	0	2520	870	0.31	3	5328465	4345	2163	2056538	2166	29	2	2	Ec	Ec4	inter_species	Se	10
Ec_Se_10_Ec5	3160	8008815	2534.44	41507	65928.47	42	268232	128	3786	8008815	2115.38	37489	57422.35	47	230758	128	0	0	0	0	0	0	0	0	1958753:2031185:2047223:1971654	50.92	0	3756	8004003	2130.99	0	3160	1840	0.49	1	5765402	4772	2372	2238601	2373	49	0	0	Ec	Ec5	inter_species	Se	10
Ec_Se_10_Ec6	3175	7838560	2468.84	48392	79873.67	32	247971	128	3882	7838560	2019.21	46641	74131.75	35	244238	128	0	0	0	0	0	0	0	0	1911349:1990449:2004587:1932175	50.97	0	3841	7831923	2039.03	0	3175	1978	0.51	2	5632323	4733	2357	2199357	2359	55	2	1	Ec	Ec6	inter_species	Se	10
Ec_Se_10_Ec7	2869	7628381	2658.9	85113	95588.32	26	314198	129	3367	7628381	2265.63	63523	82746.62	30	267856	128	0	0	0	0	0	0	0	0	1871438:1927986:1953734:1875223	50.89	0	3337	7623451	2284.52	0	2869	1355	0.41	1	5206685	4656	2319	2416766	2320	54	0	0	Ec	Ec7	inter_species	Se	10
Ec_Se_10_Ec8	3065	7800376	2544.98	49458	77821.49	34	291951	128	3733	7800376	2089.57	44275	71524.11	37	244192	128	0	0	0	0	0	0	0	0	1907115:1987029:1991499:1914733	51	0	3682	7792449	2116.36	0	3065	1754	0.48	1	5604949	4753	2367	2187500	2368	56	0	0	Ec	Ec8	inter_species	Se	10
Ec_Se_20_Ec1	3091	9254066	2993.87	15476	56175.16	68	253580	128	3626	9254066	2552.14	12105	46731.74	83	245149	128	0	0	0	0	0	0	0	0	2252985:2365092:2374887:2261102	51.22	0	3597	9249553	2571.46	0	3091	1479	0.41	4	4984091	4992	2468	4255810	2472	30	2	2	Ec	Ec1	inter_species	Se	20
Ec_Se_20_Ec2	2751	9301296	3381.06	25689	55746.68	63	249375	134	2861	9301296	3251.06	17710	47504.54	76	249092	128	0	0	0	0	0	0	0	0	2259586:2382050:2383609:2276051	51.24	0	2856	9300545	3256.49	0	2751	317	0.11	5	4693898	5240	2591	4453958	2596	7	4	3	Ec	Ec2	inter_species	Se	20
Ec_Se_20_Ec3	2502	9225026	3687.06	28888	56380.67	57	236999	257	2624	9225026	3515.63	20774	50530.38	68	202402	128	0	0	0	0	0	0	0	0	2245075:2359372:2366622:2253957	51.23	0	2615	9223622	3527.2	0	2502	333	0.13	4	4829522	4735	2336	4333728	2340	5	1	0	Ec	Ec3	inter_species	Se	20
Ec_Se_20_Ec4	3005	9425702	3136.67	17420	46208.69	83	234770	129	3379	9425702	2789.49	12877	40120.98	103	234770	128	0	0	0	0	0	0	0	0	2290345:2414456:2418590:2302311	51.28	0	3349	9421114	2813.11	0	3005	1088	0.32	10	5115351	5086	2497	4108412	2507	47	2	2	Ec	Ec4	inter_species	Se	20
Ec_Se_20_Ec5	3303	9962220	3016.11	9048	38638.29	111	172945	128	4021	9962220	2477.55	7937	34429.73	127	172731	128	0	0	0	0	0	0	0	0	2424358:2544578:2554154:2439130	51.18	0	3987	9956695	2497.29	0	3303	2115	0.53	9	5624316	4822	2359	4291880	2368	46	3	3	Ec	Ec5	inter_species	Se	20
Ec_Se_20_Ec6	2641	9443891	3575.88	20120	59587.98	63	230904	128	2787	9443891	3388.55	13908	47580.07	80	213783	128	0	0	0	0	0	0	0	0	2294731:2406662:2425034:2317464	51.16	0	2782	9443159	3394.38	0	2641	453	0.16	7	5052597	4895	2415	4146450	2422	9	4	4	Ec	Ec6	inter_species	Se	20
Ec_Se_20_Ec7	3109	9589618	3084.47	17693	55754.99	67	251100	129	3666	9589618	2615.83	11535	45856.23	88	234574	128	0	0	0	0	0	0	0	0	2335626:2447654:2455354:2350984	51.13	0	3638	9585146	2634.73	0	3109	1619	0.45	9	5247318	4862	2376	4237060	2385	56	1	1	Ec	Ec7	inter_species	Se	20
Ec_Se_20_Ec8	3368	9794932	2908.23	10686	46342.4	91	198556	128	4103	9794932	2387.26	9361	40889.86	114	198428	128	0	0	0	0	0	0	0	0	2380825:2498016:2516029:2400062	51.19	0	4056	9787656	2413.13	0	3368	2020	0.5	4	5499372	5105	2507	4153116	2511	61	0	0	Ec	Ec8	inter_species	Se	20
Ec_Se_30_Ec1	2025	9801757	4840.37	12690	37424.99	117	223447	128	2605	9801757	3762.67	11730	30222.51	141	175590	128	0	0	0	0	0	0	0	0	2384540:2510308:2515316:2391593	51.27	0	2581	9798034	3796.22	0	2025	1690	0.65	15	4324764	2647	1233	4949090	1248	48	1	0	Ec	Ec1	inter_species	Se	30
Ec_Se_30_Ec2	1594	9874618	6194.87	14058	34040.95	117	170635	128	1723	9874618	5731.06	12877	30189.49	140	170635	128	0	0	0	0	0	0	0	0	2396208:2529792:2532731:2415887	51.27	0	1718	9873841	5747.29	0	1594	399	0.23	16	4159748	2841	1346	5132502	1362	6	3	3	Ec	Ec2	inter_species	Se	30
Ec_Se_30_Ec3	1367	9739025	7124.38	16775	42442.89	93	234768	129	1512	9739025	6441.15	15074	36892.81	113	234768	128	0	0	0	0	0	0	0	0	2365736:2499128:2494691:2379470	51.28	0	1505	9737956	6470.4	0	1367	413	0.27	13	4069185	2397	1132	4870478	1145	9	0	0	Ec	Ec3	inter_species	Se	30
Ec_Se_30_Ec4	1815	9962231	5488.83	13715	41013.16	116	275611	128	2166	9962231	4599.37	12547	37542.34	137	275611	128	0	0	0	0	0	0	0	0	2425936:2563820:2548812:2423663	51.32	0	2138	9957981	4657.62	0	1815	1049	0.49	8	4760365	2723	1290	4985431	1298	31	1	1	Ec	Ec4	inter_species	Se	30
Ec_Se_30_Ec5	1461	10197650	6979.91	14010	30940.22	137	152823	139	1655	10197650	6161.72	12784	28229.02	156	152823	128	0	0	0	0	0	0	0	0	2487723:2604198:2615706:2490023	51.19	0	1648	10196555	6187.23	0	1461	575	0.35	20	4446764	2444	1121	4998873	1141	2	1	0	Ec	Ec5	inter_species	Se	30
Ec_Se_30_Ec6	2052	10242336	4991.39	12760	37161.12	127	169032	128	2792	10242336	3668.46	11820	31159.62	151	157334	128	0	0	0	0	0	0	0	0	2490090:2621543:2627267:2503436	51.25	0	2749	10235456	3723.34	0	2052	2080	0.76	14	4726284	2398	1099	4883051	1113	58	3	2	Ec	Ec6	inter_species	Se	30
Ec_Se_30_Ec7	1928	10076197	5226.24	13755	46819.23	104	235621	128	2501	10076197	4028.87	12639	38894.77	128	183428	128	0	0	0	0	0	0	0	0	2450425:2572865:2585114:2467793	51.19	0	2482	10073218	4058.51	0	1928	1702	0.69	23	4684711	2432	1117	4711604	1140	64	1	1	Ec	Ec7	inter_species	Se	30
Ec_Se_30_Ec8	2061	10294589	4994.95	12240	34023.41	137	184932	128	2688	10294589	3829.83	11298	30582.47	157	184803	128	0	0	0	0	0	0	0	0	2504743:2635800:2639893:2514153	51.25	0	2658	10289919	3871.3	0	2061	1835	0.69	14	4556419	2583	1211	5276377	1225	47	0	0	Ec	Ec8	inter_species	Se	30
Ec_Se_40_Ec1	836	9672919	11570.48	20752	28356.76	130	99732	128	996	9672919	9711.77	19059	26385.43	141	99732	128	0	0	0	0	0	0	0	0	2351936:2474432:2481916:2364635	51.24	0	988	9671761	9789.23	0	836	468	0.47	31	2935358	1281	532	5269290	563	4	4	2	Ec	Ec1	inter_species	Se	40
Ec_Se_40_Ec2	895	9951283	11118.75	20566	30900.87	130	154591	128	1034	9951283	9624.06	18359	27679.67	142	114552	128	0	0	0	0	0	0	0	0	2418888:2544580:2558011:2429804	51.28	0	1029	9950477	9670.05	0	895	415	0.4	34	2273343	1440	608	5908605	642	5	2	0	Ec	Ec2	inter_species	Se	40
Ec_Se_40_Ec3	1193	9990370	8374.16	21690	29688.21	126	122842	128	1593	9990370	6271.42	20381	28558	132	122842	128	0	0	0	0	0	0	0	0	2433727:2553405:2570794:2432444	51.29	0	1572	9987245	6353.21	0	1193	1307	0.83	24	3346906	1199	475	5548119	499	64	3	1	Ec	Ec3	inter_species	Se	40
Ec_Se_40_Ec4	842	9933286	11797.25	21544	27741.67	131	114252	128	990	9933286	10033.62	18970	25790.49	144	114252	128	0	0	0	0	0	0	0	0	2413840:2549685:2547085:2422676	51.31	0	985	9932539	10083.8	0	842	439	0.45	25	2586345	1318	553	5729451	578	7	3	1	Ec	Ec4	inter_species	Se	40
Ec_Se_40_Ec5	990	10294469	10398.45	18358	21970.01	173	73486	131	1216	10294469	8465.85	16594	19989.09	191	73486	128	0	0	0	0	0	0	0	0	2503082:2635686:2635761:2519940	51.21	0	1206	10292592	8534.49	0	990	617	0.51	32	2835702	1501	602	5811512	634	2	3	2	Ec	Ec5	inter_species	Se	40
Ec_Se_40_Ec6	964	10026059	10400.48	17783	22687.85	166	82147	128	1141	10026059	8787.08	16804	21260.12	177	81783	128	0	0	0	0	0	0	0	0	2439626:2571304:2564203:2450926	51.22	0	1134	10025038	8840.42	0	964	525	0.46	29	2694917	1491	622	6106597	651	4	4	1	Ec	Ec6	inter_species	Se	40
Ec_Se_40_Ec7	742	9928057	13380.13	24707	34707.15	112	172661	128	918	9928057	10814.88	21643	31056.63	127	172661	128	0	0	0	0	0	0	0	0	2416931:2540074:2541340:2429712	51.18	0	906	9926313	10956.2	0	742	456	0.5	29	2705406	1133	458	5721235	487	2	1	1	Ec	Ec7	inter_species	Se	40
Ec_Se_40_Ec8	855	10113794	11829	22043	28162.13	140	121673	130	1037	10113794	9752.94	20742	26418.93	150	121673	128	0	0	0	0	0	0	0	0	2464150:2586402:2594235:2469007	51.22	0	1027	10112347	9846.49	0	855	553	0.54	21	3429496	1232	505	5371068	526	11	2	1	Ec	Ec8	inter_species	Se	40
Ec_Se_50_Ec1	755	9680213	12821.47	23035	27183.25	131	106177	128	908	9680213	10661.03	21870	25603.61	140	106177	128	0	0	0	0	0	0	0	0	2356106:2479212:2481177:2363718	51.24	0	901	9679228	10742.76	0	755	458	0.51	39	1264923	1122	433	5625898	472	5	4	3	Ec	Ec1	inter_species	Se	50
Ec_Se_50_Ec2	1091	10130545	9285.56	21565	30463.58	136	185829	128	1475	10130545	6868.17	20629	28551.7	144	174989	128	0	0	0	0	0	0	0	0	2466014:2600658:2595455:2468418	51.29	0	1449	10126642	6988.71	0	1091	1145	0.79	39	788572	1197	431	6118554	470	54	0	0	Ec	Ec2	inter_species	Se	50
Ec_Se_50_Ec3	755	9808630	12991.56	23470	30227.46	125	126967	128	904	9808630	10850.25	21625	27482.04	137	126967	128	0	0	0	0	0	0	0	0	2388755:2520933:2510184:2388758	51.29	0	896	9807401	10945.76	0	755	434	0.48	39	808399	1144	452	5862591	491	7	1	1	Ec	Ec3	inter_species	Se	50
Ec_Se_50_Ec4	782	9924436	12691.09	21037	28162.44	135	135786	131	920	9924436	10787.43	19983	26849.88	143	135786	128	0	0	0	0	0	0	0	0	2415407:2538669:2553774:2416586	51.31	0	916	9923809	10833.85	0	782	414	0.45	39	370262	1219	479	6317102	518	7	2	0	Ec	Ec4	inter_species	Se	50
Ec_Se_50_Ec5	1612	10580254	6563.43	18759	26010.33	149	84391	128	2311	10580254	4578.21	16992	22860.92	169	81600	128	0	0	0	0	0	0	0	0	2574719:2712679:2708598:2584258	51.24	0	2278	10575165	4642.3	0	1612	2018	0.89	42	1534363	1555	580	5996347	622	55	2	1	Ec	Ec5	inter_species	Se	50
Ec_Se_50_Ec6	1521	10300042	6771.89	18453	26286.16	153	146705	128	2137	10300042	4819.86	17069	24759.25	163	146705	128	0	0	0	0	0	0	0	0	2508345:2652277:2626966:2512454	51.25	0	2109	10295557	4881.72	0	1521	1802	0.85	42	1296300	1537	584	6076730	626	59	2	1	Ec	Ec6	inter_species	Se	50
Ec_Se_50_Ec7	1152	10130107	8793.5	25337	33518.93	112	123340	128	1674	10130107	6051.44	23180	29334.33	127	101359	128	0	0	0	0	0	0	0	0	2466724:2598012:2588728:2476643	51.2	0	1647	10126110	6148.21	0	1152	1483	0.9	29	2050993	1089	409	5403224	438	57	2	0	Ec	Ec7	inter_species	Se	50
Ec_Se_50_Ec8	811	10115024	12472.29	22627	31522.35	124	138649	128	975	10115024	10374.38	21460	28820.28	133	116309	128	0	0	0	0	0	0	0	0	2468514:2594456:2587877:2464177	51.23	0	969	10114142	10437.71	0	811	510	0.53	35	2082662	1179	460	5906883	495	4	3	3	Ec	Ec8	inter_species	Se	50
Ec_Self_0_Ec1	625	5344838	8551.74	104785	132218.72	15	360892	129	1219	5344838	4384.61	92278	127624.5	15	359465	128	0	0	0	0	0	0	0	0	1325258:1347891:1353750:1317939	50.55	0	1182	5339170	4517.06	0	625	1581	1.34	1	5339170	12	0	0	1	30	0	0	Ec	Ec1	self_check	Self	0
Ec_Self_0_Ec2	427	5419321	12691.62	107427	130613.72	15	302175	128	806	5419321	6723.72	100772	120822.7	16	301005	128	0	0	0	0	0	0	0	0	1336685:1376211:1366743:1339682	50.61	0	770	5413689	7030.76	0	427	1024	1.33	2	5348429	17	2	34571	4	47	0	0	Ec	Ec2	self_check	Self	0
Ec_Self_0_Ec3	499	5457019	10935.91	117195	134703.31	14	298912	128	901	5457019	6056.62	111784	125450.62	15	298519	128	0	0	0	0	0	0	0	0	1346678:1379605:1382735:1348001	50.62	0	867	5451787	6288.1	0	499	1160	1.34	1	5451787	6	0	0	1	65	0	0	Ec	Ec3	self_check	Self	0
Ec_Self_0_Ec4	380	5423092	14271.29	100126	118339.04	17	301524	128	765	5423092	7089.01	91464	105843.55	19	301004	128	0	0	0	0	0	0	0	0	1339972:1366474:1375349:1341297	50.56	0	721	5416264	7512.16	0	380	967	1.34	1	5416264	10	0	0	1	38	0	0	Ec	Ec4	self_check	Self	0
Ec_Self_0_Ec5	832	5798597	6969.47	92430	94059.27	21	268887	128	1579	5798597	3672.32	91431	85015.93	23	230758	128	0	0	0	0	0	0	0	0	1432448:1462473:1465495:1438181	50.49	0	1533	5791178	3777.68	0	832	2050	1.34	1	5791178	13	0	0	1	52	0	0	Ec	Ec5	self_check	Self	0
Ec_Self_0_Ec6	789	5637985	7145.74	115962	110652.32	18	244841	128	1515	5637985	3721.44	100803	102737.32	19	244238	128	0	0	0	0	0	0	0	0	1385820:1410407:1437096:1404662	50.51	0	1467	5630184	3837.89	0	789	1961	1.34	1	5630184	13	0	0	1	65	1	0	Ec	Ec6	self_check	Self	0
Ec_Self_0_Ec7	579	5509902	9516.24	140348	141269.94	14	314198	129	1149	5509902	4795.39	116371	126837.44	15	267856	128	0	0	0	0	0	0	0	0	1368706:1392602:1381720:1366874	50.35	0	1106	5502725	4975.34	0	579	1478	1.34	1	5502725	10	0	0	1	48	0	0	Ec	Ec7	self_check	Self	0
Ec_Self_0_Ec8	794	5658281	7126.3	114169	110085.92	18	298642	128	1557	5658281	3634.09	100802	100481.91	19	244192	128	0	0	0	0	0	0	0	0	1395504:1431931:1425680:1405166	50.5	0	1497	5648848	3773.45	0	794	2002	1.34	1	5648848	14	0	0	1	54	0	0	Ec	Ec8	self_check	Self	0
Ec_Self_10_Ec1	621	5339630	8598.44	89226	120420.18	17	360892	128	1199	5339630	4453.4	84815	118324.17	18	359465	128	0	0	0	0	0	0	0	0	1319390:1347117:1351652:1321471	50.54	0	1163	5334031	4586.44	0	621	1549	1.33	1	5334031	22	0	0	1	26	0	0	Ec	Ec1	self_check	Self	10
Ec_Self_10_Ec2	418	5413855	12951.81	107427	128802.09	15	302175	128	777	5413855	6967.64	99252	120205.44	16	301005	128	0	0	0	0	0	0	0	0	1336578:1362695:1377441:1337141	50.61	0	747	5409166	7241.19	0	418	990	1.33	2	5344430	22	2	34553	4	50	0	0	Ec	Ec2	self_check	Self	10
Ec_Self_10_Ec3	503	5456144	10847.2	100772	128785.18	15	298912	128	899	5456144	6069.13	92091	121594.83	16	298519	128	0	0	0	0	0	0	0	0	1346216:1369616:1392331:1347981	50.62	0	863	5450474	6315.73	0	503	1148	1.33	1	5450474	14	0	0	1	66	0	0	Ec	Ec3	self_check	Self	10
Ec_Self_10_Ec4	384	5421177	14117.65	92091	115861.52	17	301524	129	759	5421177	7142.53	88232	104649.94	19	301004	128	0	0	0	0	0	0	0	0	1337558:1384696:1356286:1342637	50.56	0	717	5414653	7551.82	0	384	957	1.33	1	5414653	17	0	0	1	38	0	0	Ec	Ec4	self_check	Self	10
Ec_Self_10_Ec5	776	5777117	7444.74	91759	90842.98	22	268887	128	1464	5777117	3946.12	73327	81361.51	24	230758	128	0	0	0	0	0	0	0	0	1429340:1453098:1464334:1430345	50.5	0	1418	5769718	4068.91	0	776	1887	1.33	1	5769718	26	0	0	1	42	0	0	Ec	Ec5	self_check	Self	10
Ec_Self_10_Ec6	802	5635518	7026.83	101337	107539.53	18	244841	128	1512	5635518	3727.19	92049	99769.62	19	244238	128	0	0	0	0	0	0	0	0	1395095:1426695:1419271:1394457	50.5	0	1465	5627820	3841.52	0	802	1953	1.33	1	5627082	21	1	738	2	68	1	0	Ec	Ec6	self_check	Self	10
Ec_Self_10_Ec7	595	5504034	9250.48	140348	140120.44	14	314198	129	1119	5504034	4918.71	116371	125135.19	15	267856	128	0	0	0	0	0	0	0	0	1366929:1366110:1405118:1365877	50.35	0	1089	5498930	5049.52	0	595	1446	1.33	2	5205347	24	2	118967	4	46	0	0	Ec	Ec7	self_check	Self	10
Ec_Self_10_Ec8	756	5647401	7470.11	105168	108119.13	19	291951	128	1502	5647401	3759.92	91620	99397.28	20	244192	128	0	0	0	0	0	0	0	0	1391295:1426556:1425646:1403904	50.5	0	1442	5637977	3909.83	0	756	1926	1.34	1	5637977	16	0	0	1	49	0	0	Ec	Ec8	self_check	Self	10
Ec_Self_20_Ec1	594	5337249	8985.27	94036	124303.92	16	337783	129	1185	5337249	4504.01	89226	119690.66	17	337783	128	0	0	0	0	0	0	0	0	1317862:1354518:1343301:1321568	50.55	0	1149	5331885	4640.46	0	594	1522	1.32	1	5271526	34	2	60359	3	31	0	0	Ec	Ec1	self_check	Self	20
Ec_Self_20_Ec2	422	5410040	12820	102620	117533.36	17	302175	128	768	5410040	7044.32	92091	104387.44	18	301005	128	0	0	0	0	0	0	0	0	1336815:1363584:1374293:1335348	50.61	0	738	5405178	7324.09	0	422	962	1.3	2	5221355	44	7	153138	9	56	0	0	Ec	Ec2	self_check	Self	20
Ec_Self_20_Ec3	508	5449564	10727.49	100772	129242.52	15	298912	128	871	5449564	6256.68	99252	121655.43	16	298519	128	0	0	0	0	0	0	0	0	1347066:1375962:1382548:1343988	50.62	0	840	5444753	6481.85	0	508	1104	1.31	1	5259121	34	2	185632	3	67	0	0	Ec	Ec3	self_check	Self	20
Ec_Self_20_Ec4	376	5418283	14410.33	91025	112443.8	18	301524	128	752	5418283	7205.16	86225	101088.48	20	301004	128	0	0	0	0	0	0	0	0	1339857:1383512:1355694:1339220	50.55	0	712	5412037	7601.18	0	376	938	1.32	1	5285579	35	2	126458	3	39	0	0	Ec	Ec4	self_check	Self	20
Ec_Self_20_Ec5	817	5781253	7076.2	63902	78184.77	25	194508	128	1511	5781253	3826.11	59600	74754.57	27	194379	128	0	0	0	0	0	0	0	0	1429711:1461169:1458027:1432346	50.49	0	1471	5774889	3925.83	0	817	1946	1.32	1	5741482	45	2	33407	3	43	1	0	Ec	Ec5	self_check	Self	20
Ec_Self_20_Ec6	761	5627394	7394.74	104761	103494.44	18	236596	128	1468	5627394	3833.37	89314	95821.34	20	232824	128	0	0	0	0	0	0	0	0	1393816:1426559:1415600:1391419	50.51	0	1411	5618300	3981.79	0	761	1870	1.33	1	5565286	37	2	53014	3	70	0	0	Ec	Ec6	self_check	Self	20
Ec_Self_20_Ec7	582	5506749	9461.77	109447	121510.05	16	314198	129	1141	5506749	4826.25	96618	105519.19	19	247757	128	0	0	0	0	0	0	0	0	1364446:1395140:1377537:1369626	50.35	0	1101	5499876	4995.35	0	582	1451	1.32	1	5186856	40	6	313020	7	47	0	0	Ec	Ec7	self_check	Self	20
Ec_Self_20_Ec8	767	5649359	7365.53	91759	90806	21	234530	128	1523	5649359	3709.36	80707	86942.27	22	232822	128	0	0	0	0	0	0	0	0	1388600:1410869:1442057:1407833	50.5	0	1456	5638752	3872.77	0	767	1924	1.32	2	5136274	46	3	386585	5	40	0	0	Ec	Ec8	self_check	Self	20
Ec_Self_30_Ec1	614	5332477	8684.82	72284	96344.17	21	291769	128	1184	5332477	4503.78	69303	94414.37	22	290684	128	0	0	0	0	0	0	0	0	1319537:1349087:1346347:1317506	50.55	0	1148	5326868	4640.13	0	614	1496	1.3	2	4870554	72	12	408388	14	43	0	0	Ec	Ec1	self_check	Self	30
Ec_Self_30_Ec2	424	5408867	12756.76	86545	91972.74	22	294826	128	777	5408867	6961.22	68197	83547.96	25	286308	128	0	0	0	0	0	0	0	0	1338910:1370273:1367132:1332552	50.61	0	741	5403381	7292.01	0	424	946	1.28	2	4782930	74	11	589777	13	42	0	0	Ec	Ec2	self_check	Self	30
Ec_Self_30_Ec3	477	5444418	11413.87	84883	95216.03	21	220492	128	858	5444418	6345.48	73633	85889.8	23	197000	128	0	0	0	0	0	0	0	0	1340119:1375387:1380347:1348565	50.62	0	823	5438947	6608.68	0	477	1066	1.3	2	4382279	59	10	793641	12	58	0	0	Ec	Ec3	self_check	Self	30
Ec_Self_30_Ec4	387	5415666	13993.97	88714	95871.22	21	270406	128	750	5415666	7220.89	76933	88744.06	23	269886	128	0	0	0	0	0	0	0	0	1346090:1378540:1359265:1331771	50.55	0	711	5409565	7608.39	0	387	918	1.29	2	5011084	63	8	281509	10	26	0	0	Ec	Ec4	self_check	Self	30
Ec_Self_30_Ec5	844	5791856	6862.39	62056	88349.35	24	268887	128	1556	5791856	3722.27	59600	79167.46	26	230758	128	0	0	0	0	0	0	0	0	1435038:1471408:1453059:1432351	50.49	0	1519	5785866	3809	0	844	2004	1.32	1	5750233	51	1	35633	2	62	0	0	Ec	Ec5	self_check	Self	30
Ec_Self_30_Ec6	781	5623143	7199.93	80325	97252.89	20	244238	128	1455	5623143	3864.7	70092	89495.93	22	244238	128	0	0	0	0	0	0	0	0	1388689:1417916:1422233:1394305	50.51	0	1409	5615741	3985.62	0	781	1853	1.32	1	5586649	59	2	29092	3	56	1	0	Ec	Ec6	self_check	Self	30
Ec_Self_30_Ec7	599	5501000	9183.64	99913	118992.78	17	269939	129	1118	5501000	4920.39	92290	105529.75	19	267855	128	0	0	0	0	0	0	0	0	1364776:1381087:1388693:1366444	50.35	0	1091	5496249	5037.81	0	599	1429	1.31	1	5266946	53	4	229303	5	69	0	0	Ec	Ec7	self_check	Self	30
Ec_Self_30_Ec8	785	5642659	7188.1	73401	85712.59	24	235399	128	1497	5642659	3769.31	69850	82467.82	24	232823	128	0	0	0	0	0	0	0	0	1390871:1422359:1427269:1402160	50.5	0	1440	5633729	3912.31	0	785	1891	1.31	2	5377796	66	3	168712	5	46	0	0	Ec	Ec8	self_check	Self	30
Ec_Self_40_Ec1	621	5333277	8588.21	69484	91773.93	23	293077	128	1181	5333277	4515.9	65763	88853.41	23	290684	128	0	0	0	0	0	0	0	0	1318091:1338983:1356796:1319407	50.55	0	1145	5327885	4653.17	0	621	1493	1.3	1	5008407	70	11	319478	12	35	0	0	Ec	Ec1	self_check	Self	40
Ec_Self_40_Ec2	433	5411247	12497.11	84883	108787.06	18	302175	128	790	5411247	6849.68	71807	100549.89	20	301005	128	0	0	0	0	0	0	0	0	1336985:1367157:1371335:1335770	50.61	0	759	5406372	7123.02	0	433	966	1.27	2	4911487	82	14	464196	16	48	0	0	Ec	Ec2	self_check	Self	40
Ec_Self_40_Ec3	494	5447393	11027.11	92091	99644.83	20	298912	128	866	5447393	6290.29	83037	92575.2	22	298519	128	0	0	0	0	0	0	0	0	1347682:1382493:1374773:1342445	50.62	0	834	5442258	6525.49	0	494	1080	1.29	1	5116096	58	5	326162	6	50	0	0	Ec	Ec3	self_check	Self	40
Ec_Self_40_Ec4	405	5409726	13357.35	75331	89041.09	23	258172	128	737	5409726	7340.2	72635	85732.73	23	258172	128	0	0	0	0	0	0	0	0	1333362:1368758:1366329:1341277	50.56	0	705	5404755	7666.32	0	405	892	1.27	3	4746662	88	8	534268	11	23	1	0	Ec	Ec4	self_check	Self	40
Ec_Self_40_Ec5	861	5792541	6727.69	58050	63886.58	31	168781	128	1591	5792541	3640.82	54499	60013.28	33	168653	128	0	0	0	0	0	0	0	0	1438070:1469197:1455963:1429311	50.5	0	1552	5786369	3728.33	0	861	2016	1.3	2	5278031	101	14	393508	16	39	0	0	Ec	Ec5	self_check	Self	40
Ec_Self_40_Ec6	787	5613712	7133.05	76984	87977.41	22	230022	128	1409	5613712	3984.18	69389	80053.92	24	216600	128	0	0	0	0	0	0	0	0	1387100:1400398:1434325:1391889	50.5	0	1369	5607251	4095.87	0	787	1798	1.31	1	5165152	62	6	442099	7	50	1	0	Ec	Ec6	self_check	Self	40
Ec_Self_40_Ec7	619	5511307	8903.57	77954	95309.78	21	242913	128	1192	5511307	4623.58	77683	92306.17	21	242913	128	0	0	0	0	0	0	0	0	1365397:1388606:1386422:1370882	50.35	0	1154	5505292	4770.62	0	619	1501	1.3	2	4503799	72	11	878955	13	48	0	0	Ec	Ec7	self_check	Self	40
Ec_Self_40_Ec8	785	5643426	7189.08	73319	81722.42	24	203936	128	1515	5643426	3725.03	64391	76092.84	26	203936	128	0	0	0	0	0	0	0	0	1393089:1419231:1430909:1400197	50.5	0	1458	5634583	3864.6	0	785	1904	1.31	1	5358047	82	10	276536	11	52	0	0	Ec	Ec8	self_check	Self	40
Ec_Self_50_Ec1	627	5326462	8495.15	68172	88524.42	23	293077	128	1166	5326462	4568.15	67437	86471.07	23	290684	128	0	0	0	0	0	0	0	0	1316032:1340313:1351983:1318134	50.55	0	1137	5321863	4680.62	0	627	1466	1.29	2	4324927	90	15	931717	17	33	0	0	Ec	Ec1	self_check	Self	50
Ec_Self_50_Ec2	423	5404612	12776.86	77052	100146.44	20	302175	128	763	5404612	7083.37	71807	96169.72	21	301005	128	0	0	0	0	0	0	0	0	1338042:1374139:1360834:1331597	50.6	0	732	5399773	7376.74	0	423	930	1.27	2	4902352	80	10	466739	12	48	0	0	Ec	Ec2	self_check	Self	50
Ec_Self_50_Ec3	520	5442241	10465.85	73695	82494.14	25	287290	128	858	5442241	6342.94	67014	79911.5	26	287290	128	0	0	0	0	0	0	0	0	1339624:1368031:1386743:1347843	50.62	0	832	5437968	6536.02	0	520	1052	1.26	2	4657379	96	17	733001	19	51	0	0	Ec	Ec3	self_check	Self	50
Ec_Self_50_Ec4	398	5416777	13609.99	73752	88624.94	23	240645	128	769	5416777	7043.92	66283	81017.55	24	204273	128	0	0	0	0	0	0	0	0	1337162:1365507:1373034:1341074	50.56	0	729	5410633	7421.99	0	398	929	1.27	1	4912681	80	11	497952	12	38	0	0	Ec	Ec4	self_check	Self	50
Ec_Self_50_Ec5	851	5788916	6802.49	54325	78991.9	27	268887	128	1571	5788916	3684.86	51220	70085.26	30	197727	128	0	0	0	0	0	0	0	0	1432357:1471743:1451072:1433744	50.49	0	1528	5782012	3784.04	0	851	1986	1.3	1	5472262	99	8	309750	9	46	0	0	Ec	Ec5	self_check	Self	50
Ec_Self_50_Ec6	804	5626325	6997.92	77438	90066.28	22	244567	128	1481	5626325	3799	61399	80852.19	25	244238	128	0	0	0	0	0	0	0	0	1393129:1429624:1411736:1391836	50.5	0	1433	5618716	3920.95	0	804	1868	1.3	2	5238261	83	8	264594	10	52	1	0	Ec	Ec6	self_check	Self	50
Ec_Self_50_Ec7	581	5493524	9455.29	96635	110890.95	17	267828	129	1095	5493524	5016.92	84082	100910.04	20	267828	128	0	0	0	0	0	0	0	0	1358455:1373998:1392035:1369036	50.35	0	1068	5488909	5139.43	0	581	1378	1.29	1	4604836	82	15	884073	16	46	0	0	Ec	Ec7	self_check	Self	50
Ec_Self_50_Ec8	806	5647433	7006.74	73732	84037.19	24	300063	128	1545	5647433	3655.3	67897	74702.42	26	233437	128	0	0	0	0	0	0	0	0	1395401:1424452:1427908:1399672	50.51	0	1485	5637776	3796.48	0	806	1934	1.3	2	4996088	90	12	561916	14	50	0	0	Ec	Ec8	self_check	Self	50
